trade_dt,600000.SH,000002.SZ,600002.SH,000004.SZ,600004.SH,000006.SZ,600006.SH,000008.SZ,600008.SH,000010.SZ,600010.SH,000012.SZ,600012.SH,000014.SZ,600014.SH,000016.SZ,600016.SH,000018.SZ,600018.SH,000020.SZ,600020.SH,000022.SZ,600022.SH,000024.SZ
2025-11-18,-0.37102428330862447,0.3261114472721558,0.24919336101269368,-0.13661383412081102,-0.2698617279761717,-0.20912536508304239,0.16652826753886807,-0.020589807197502114,0.06347484343143375,-0.31334235489941614,0.7380176866321041,0.3226209988984533,0.27795180302412426,0.14946970844189744,0.498453808425772,-0.6161472928232894,-1.159762551614457,-0.11354818495146185,-0.8510292620673057,-0.5757380946050492,0.44954177667998907,-0.43303917920241325,0.19212878373617487,0.5505073148162385
2025-11-19,-0.164294904893307,0.04133324819790521,0.1339532427818732,-0.0481031175765316,-0.4735200713350038,-0.13525560593209765,-0.19972778812746278,0.7008172882914042,-0.5094171113410362,-0.6943276522049663,0.5556387748935432,0.4635319810430182,0.3659376060677011,0.044974614347413705,-0.026770796792055657,0.556470678064545,-0.5682521949591361,-0.33702858258138274,-0.5385780579782677,-0.5654550234727314,-0.9468282650443385,-0.0030395461550740688,-0.6222798518070988,0.1055575841630059
2025-11-20,-0.7435198270573045,-0.08575049416155883,0.1695756353392689,-0.28198611822195885,-0.47614742978790464,0.7554424229900556,0.33792647001714327,-0.3607079042518351,0.013151476235363446,-1.2564449039075054,-0.16264291805645972,-0.51437357901955,-0.0767279653555569,-0.4085947233136231,0.34219549990444265,0.26915104046841976,-0.380766637814619,-0.20681149256743653,-0.7741563328492165,-0.03999330309813706,0.5363063847638698,0.0023578128411624044,0.36873029566343307,0.26678405071250466
2025-11-21,-0.8928269904565898,-0.0996726953593112,0.11451441210279417,-0.12878454998995803,0.001934412851459455,-0.12495266203450206,0.519396628843415,0.28371862796142716,0.047582847001828354,-0.5446678205112347,0.7564549686354668,-0.422735877511371,0.1268535075263919,0.3504256136935858,0.24127876765699574,-0.7615099471245798,-0.13723448872027771,0.36738104598004245,0.3036416096918304,-0.0595065909265029,-0.35878438067846213,-0.16282341933313504,0.5998896869615136,-0.47510649281884887
2025-11-24,0.20583118305160134,-0.3767758953748884,-0.13902307359462007,0.17429358741393144,0.18987694324436216,0.4437875799767629,0.4885680681880694,0.8700677562733401,-0.01585168464699542,-0.21012705375844126,0.7257805993510513,0.035739170853790525,0.2419660537069834,0.5639862004216625,-0.03007068013735688,-0.7019056744379377,-0.3406286213401049,-0.07426768844954529,0.7635522647454991,0.05082202378179834,0.4614908861523866,0.38186499858344003,0.7257900389768828,-0.4730936476058725
2025-11-25,-0.513955172541695,0.0945957741774351,-0.8525513167776931,-0.1946620537639097,-0.7064791433276116,0.7463593126574172,0.6299928796281923,0.08795071457704301,-0.6070236595110725,-0.33460808839426265,0.5479725739033683,-0.10356850806494144,-0.04850725615606408,-0.21391656315821225,-0.4493913843003012,0.1709245931133464,-0.39217683981516577,-0.2772656818374961,0.42636773780611514,-0.09490723931989806,-0.6376256172033941,0.1531693719322081,0.26553528146662114,-0.4473582175569437
2025-11-26,0.45529492121853876,-0.17680062217193426,-0.5379836729341971,-0.3882996339045473,-0.8758445070588674,0.6149162474520711,0.02577747041735376,0.17713187815834844,-0.5214089261539043,-0.9459101012560922,-0.21904235703711322,0.09704022520765473,0.5250151088998617,-0.19413397005715186,-0.705265499282871,0.10537334917292535,-0.42927605289488513,-0.12439312276445669,0.25608737282559896,0.03517435551089937,-0.22682454153522985,0.759070290102193,0.11904265382062068,-0.8789925413246014
2025-11-27,-0.3526953953337928,0.28465922364965013,0.21510102107534287,-0.3849072935436856,0.0734966321890305,0.42057977860428364,0.0018334101471340417,-0.10114426952143757,0.29798446147435653,-0.32282351837271156,0.43859046617116104,-0.05616652214548146,0.3197341776865652,-0.2703557317519836,-0.5616231194822379,-0.3073928345134395,0.14199784218549677,0.43744919455485365,0.8323194067235683,-0.19308091676184522,0.18310746964773533,-0.0030940080079554233,-0.18941794508913418,0.08088467651963335
2025-11-28,-0.10789784861726165,0.19464205199719634,-0.8639199637773702,-0.352865957618315,-0.5577178311279771,0.6509093885673898,0.2439661407025475,-0.339665603353168,0.6360612432249494,-0.27812877148961807,-0.7206964288035619,0.08889098964842115,-0.010859930993884631,0.39495408680516597,0.2218903570211056,-0.4334897477538564,-0.038603124979135345,0.49938546081209767,0.35354313480309907,0.19690233738870172,-0.2929395538971006,0.5742353055545758,0.10412942269088034,-0.4198704291099171
2025-12-01,0.13477516627220248,-0.14462572451347966,0.10947506066766638,-0.2723165793667164,0.40136848145948717,0.22746780601535732,0.1829662363545855,0.2770675862875511,0.2838752771084469,0.05096640627341281,-0.13961096946733756,-0.2385125332987093,0.9717419797207885,0.9524442053282721,-0.4604657608749134,-0.8764671100894659,0.07726080268585761,-0.3405637152339624,0.28425023819986533,0.23086096228793407,-0.49265151611623964,-0.7729902835196434,0.2655179317584062,-0.5786294534867118
2025-12-02,-0.126055864450687,-0.12952654552546158,-0.8865457506075078,-0.33611636283064794,0.3567866630966301,-0.04139881574609766,-0.4913865132236236,0.3206490118207884,0.15776117381498178,-0.642345403386668,-1.0241176494248785,-0.002419143056987913,0.6286489403760845,0.08198421542599765,0.4385816240594974,-0.23109511571494634,-0.18333319251375052,0.18703243621359356,0.6358173455078233,-0.7540181509225565,0.9580006400622259,0.13250410311344063,0.3064807060320434,-1.1993853468537417
2025-12-03,-0.5153920705086762,-0.31042632468858683,0.020766442779110005,-0.09330279903695532,0.4436232026342257,-0.028524953311258594,0.08991197598195552,-0.29845820910947213,0.2364889093714818,-0.18787896058137266,-0.9276487184861554,-0.34097900156921895,0.614010231008972,0.9837135853584031,0.1990551177403916,-0.6819847889078758,-0.6068005514263419,-0.11752160181791185,0.03239047722208477,0.2189142885026559,0.425313990249824,0.27273799657654296,0.44297831110033214,-0.6160782630373929
2025-12-04,-0.69014535822085,-0.8074367770507819,-0.0976427684751075,-0.3104298101869529,-0.8924587490833332,0.4491819456927493,0.07260035343960547,-0.3110176893888491,0.13103092811381933,0.31683395160575845,0.19579011816016245,0.2883942515851434,0.5066993287006967,0.3242001567375865,-0.34271282824094207,-0.10013639891717335,-0.5209891141612993,0.2790437005906003,-0.03588933310634271,-0.49506815088432093,0.17255643636637752,0.21620153447107535,-0.29855350105363604,-0.25223229604063446
2025-12-05,-0.11026855014107598,-0.059100671061023735,0.2399662608531917,0.4378828345311263,-0.4637604138833745,0.2517136118258503,-0.1349823345938463,-0.07601053375884198,0.402258300927868,0.22613351568009968,0.04327547254590021,0.6284096130189085,0.8216574522611029,0.6789004271845698,0.06047436330446304,-0.20705015791827208,-0.006069012071053148,0.33433008983835816,0.4251585796592501,0.2047928392817825,0.15117722117952428,0.3443776122306132,0.08093222150065488,-0.8322659179578688
2025-12-08,-0.4163549456539203,-0.6858560610583897,-0.5563755109877756,0.12067825326234882,-0.18921722498702181,0.4626344330110933,0.46343042679607305,-0.004465427010812359,0.48273445243668867,-0.08400512968883525,-0.31125835093216,0.3696989266006295,0.11223751949649247,0.7214909286105113,-0.5048029429149266,-0.6394238668833444,-0.7080394010486968,-0.28727118720725964,-0.6134086827755985,-0.2754411956885757,0.2785551245696039,-0.23254399630357522,-0.21009630440047591,-1.0863117404233313
2025-12-09,0.0034215649793281136,-0.43735509793194616,0.5339991140278291,0.8246780653183042,0.018931579789171288,0.5694192511593044,-0.37573505613492725,-0.1764172905434548,0.01722024151370693,0.3820229154709221,0.1073767998012139,0.735442966230128,-0.4315010220704575,0.2240832578627453,-0.8283951783370959,0.25000347659448674,-0.6176610812182675,-0.1606682238154716,-0.0890218369092059,0.5334722606164998,-0.20388893237483027,0.02263857848521683,-0.3267654982916143,-0.8206458742044433
2025-12-10,0.111704919692861,0.32131192146151066,-0.8115044706833686,0.14190254057201473,-0.2849331312227972,0.75860827257566,-0.5782422729394527,-0.5622323184448674,-0.19750348165576442,1.0902424761085143,0.28061795606245,-0.2125509113851564,0.27124723516706123,0.25250001789420407,-0.7899392911049532,0.5157020783101833,-0.8293370513675931,-0.034359085500451025,-0.22775203983400596,-0.5119737029678485,-0.09864759268626755,-0.10509968823156264,0.4359388955022309,-0.714424066669956
2025-12-11,1.1595700662571269,-0.007207968543975728,-0.3940128337702426,0.28838554977627795,0.420723452047102,0.16646492727193218,0.6441922772070148,-0.06988945375551087,-0.2798013882794938,-0.08225960993845383,-0.0019250880705795614,0.4057109606648637,0.3333733627132017,0.9311924809295673,-0.779048687461155,-0.37900569461988953,-0.7278656179198824,0.2556418027848076,-0.7558501284433286,0.05521757494243473,1.0760195407323931,0.13059000910964982,-0.03602331559746358,-0.7006795674636308
2025-12-12,-0.4269205775336873,-0.019398531819291187,-0.8013198521525045,-0.3420580745603136,-0.03780653992132098,0.2961985372037164,-0.7831098163794527,-0.018900549047149266,0.6802426506769336,0.08179047104122565,0.6168439502786416,0.32840666301156163,0.11679114993455442,0.08361925265304032,0.20719142224911752,0.273748163325897,-0.7257794496375324,0.2341239994792004,0.10593582684932726,-0.01676021241091838,-0.2905326873106152,0.4003954765601312,-0.10583944283096783,-0.14438301154920208
2025-12-15,-0.8091543165869715,0.07611681208744445,-0.630458948214801,0.1381367709514364,0.3075106800479199,0.809402883589838,-0.8583131015200982,0.5177530444419082,-0.16464951904102343,-0.48040427583524814,0.296712693319463,0.024215392861964988,0.41296769794447113,-0.28273799727634086,-0.15320872008636566,-0.17455840324765537,-0.8764429798134302,-0.529179481631549,-0.5199445957112381,-0.3170704948033125,-0.02648141064047299,-0.12169419615496363,-0.273860055124894,-0.5449385232473294
2025-12-16,0.09665676110895677,-0.5806843856022502,0.005018631752553009,-0.36404767158198953,-0.3685465347430391,0.03909269456133818,-0.7320815812636543,0.14077904933560142,0.009370100038652796,-0.28517195270596424,0.2652340073424917,0.13695268805181843,0.0021623715782497013,0.2565789565561045,0.08507303172068517,0.3871804280123745,-0.5950621786369923,-0.6931106921637392,-0.009977230841173912,-1.0521844372831155,-0.05096272749605804,0.1541078646536047,0.5508041089791915,-0.18057716919737724
2025-12-17,0.2612617735705269,-0.4128377858880653,-1.0851589730861078,0.28051832558959267,-0.138876650686848,-0.4254709251496584,-0.4325517425018459,-0.09187186026969055,-0.2884514929771009,-0.21504073613214253,0.4052502423619288,0.15585248172955057,-0.23685532339629323,0.5198442563954642,0.8072018945905324,-0.36071017925809035,-0.08381862382819377,0.0397151833507296,-0.3556027000348243,-0.20782330263974247,-0.025623053209293978,-0.1459540276037633,-0.20581035488735042,-0.9863517475216333
2025-12-18,-0.46983212725209933,-0.40644128353458486,-0.8107674618928613,-0.34090515069215765,0.27169024104228523,0.795159452387991,0.5404557465641517,0.5809019663889547,0.07884403644849453,-0.18918069491910827,0.36157039447886863,0.3521602024942767,0.5579828822870867,0.7628762306438247,-0.16951140926265562,0.9734774829934155,-0.7942118265737816,0.014031487040203322,0.056470553402083276,0.2929512901856528,0.16656473909556566,-0.10110851908810461,0.49291519316925675,-0.4479324129966942
2025-12-19,-0.15309679958492992,-0.11449498386284446,0.1213287672273724,0.6929147491950342,0.21884661080164103,1.039100520649737,-0.8108116525154192,0.26231229896216557,-0.1783638449569707,-0.43875663824415956,-0.29944445861387536,-0.1542874677808057,0.4822697676108907,0.8009290844524327,0.11326833710640383,0.48626074508597794,-0.09748228283721783,0.2283621322842072,0.028932730131623702,0.08609631542659868,-0.22255157747291432,0.16653577562918828,0.09907277732508848,-0.17646349545660578
2025-12-22,0.0817195412073769,-0.7202682159171555,-0.15850855197793592,-0.5014664385871633,0.09344027992025605,0.695557874576056,-0.32522807530506104,0.6430234552857956,0.11981415591349504,-0.04810840581019508,-0.29231730180810195,1.2146171607488248,0.25709360980690443,0.3715685901114526,-0.12460457629124663,0.7008768923346236,-0.5839005433938633,-0.41305665690686727,-1.0400355599403537,0.5389847121563509,-0.2030494130171182,-0.1037830704922261,-0.04286355683017799,-0.40454295515616623
2025-12-23,-0.9432017405578411,-0.3813248125159726,0.25500641935075397,0.217384525847969,-0.14663235673073327,0.5940286836776235,0.4191847908991102,0.02400064031564647,-0.19637514180002646,-0.1694314177044245,0.2995682146705965,0.6511806844898627,0.2913087811813348,0.00490775268358995,0.5132726884655151,0.15606428667168482,-0.3015128685455975,-0.012381688178323691,0.6953561083851619,0.14375353652740624,0.49252688507293235,-0.17056744752759495,0.5353580586673112,-0.35734644440169516
2025-12-24,-0.7948455522333724,-0.11440184884573867,-0.21412940180434523,0.0759177695310814,-0.1447049629511406,-0.19677596343155881,-0.6083648863147026,0.11962663955977333,-0.3269779970291068,-0.454172185509282,-0.2497447749523834,0.2702075911073022,0.5655179596496351,0.7137342222280961,0.16476734980248292,-0.4485754983302621,-0.3056562000249924,-0.16259997223367834,-0.214902070896246,0.19814113654748766,-0.2551285730777798,-0.48120223546033464,0.2222037327518709,-0.2712909553845826
2025-12-25,-0.3650285511344621,-0.18969795056097244,-0.3509262842845843,0.6295469171548258,0.02786516200210158,0.17263621910382632,0.3387906441444117,0.4152292354635158,0.14640754531609396,-0.1170459834887031,-0.12376180243536797,0.7624200101279757,0.1860266333530633,0.6114573366463761,0.6356490858635115,-0.25735590066067493,-0.6564798329354306,0.024932497978350593,-0.3335992860096463,-0.14204710368056112,0.262277576208491,0.6198713420050543,0.3298399522414252,-0.36597511295596286
2025-12-26,-0.9774762502453895,-0.5220982981463356,-0.21753658941331191,0.3223758799209172,-0.7762912195168465,1.038210549570703,0.012015462824743611,0.21325386072241537,0.6519342686786,-0.20548920668785753,-0.2773803685375861,1.113392383662406,0.4516076629788047,-0.05600611379321044,0.0870239051668602,-0.06734175669890047,0.136685152104349,0.6279750303683524,-0.4431658787362315,0.572792063626598,0.17033796719506025,0.4263515512282763,-0.477709627717574,-0.2609876963082247
2025-12-29,-0.40639549380054885,-0.1469677882738863,-0.2786347110366249,0.5707043154745636,0.15748439106128936,0.7013638471846646,-0.15678587715509112,0.36737185949851586,0.7611851766880099,-0.3768490665384408,0.1715309668891769,0.07609803975950913,-0.4303005208372658,-0.36556799834913517,0.5497191930547922,0.16071404596332256,-0.6038402730464778,-0.3324125866799965,-0.4102146839638947,-0.25044254924357945,-0.42573886270671013,0.053591193610732904,0.25318784743584904,-0.5470394663493126
2025-12-30,0.02229248839368564,-0.282971563581537,-0.11167862682809687,1.4850697177155923,-0.4343750695915679,-0.06659407423303437,-0.09667729521905025,0.004694848216459602,0.6217727566751713,0.001165336930836286,0.11925113091467636,0.1660126741459098,0.24976640127144656,0.6710206493137609,-0.5532085418286204,0.21459574534315962,-0.13038600400248507,-0.4523272283712704,0.19328072888804143,-0.21636884189900912,-0.24101109074853244,0.691189554666541,0.12843124770261183,-0.3122834046541933
2025-12-31,0.2464346915336124,-0.38420193066791514,-0.3967324115746906,-0.1564820436804723,0.8609481242684244,1.419131583032999,0.8279992199668007,0.1276626787272946,-0.3672963031875246,-0.4568311837535184,-0.8629702866637858,0.41008160645794595,-0.01273415149364615,0.031192567607230118,0.38502718866512636,-0.26553017301155857,-0.12155764423856076,-0.40863094396000177,0.3070707033082482,0.5207282658710338,-0.18808312901738466,0.3533396228227661,-0.15597027354137094,-0.5225691326773034
2026-01-01,-0.20822068120892534,-0.4513208721172646,-0.07905210925890623,-0.36683666722821673,0.1228900055214282,0.6611115307104336,0.053667840837282786,1.398621422334362,-0.17095888594865338,-0.5851425927685665,-0.3473455929446395,0.03476638068825097,0.4626394459634389,0.02717964564855585,0.38329184207298495,-0.13722654095587186,-0.26286335612828576,-0.45413289413705077,-0.8431409345378172,-0.05572545775279954,0.26633618184984553,-0.046927903904278395,-0.8697490246252331,-0.6156963519188317
2026-01-02,-0.5813056138599361,-0.6087752436363532,-0.18401704524397283,-0.23957572180239595,0.8595982068776596,-0.273142659149926,-0.13137553837831856,0.23584987000445373,0.6352929501940574,-0.14813588936768327,0.43018477480414397,-0.4613479944261636,0.784612427013325,0.04194216194202688,0.05252114214681941,-0.02578243989312201,0.2946171806174632,-0.620707957303744,-0.9945458740164137,-0.4303304768967049,-0.4117747214102533,0.8309194763484335,-0.7303118566214888,0.0411469222378828
2026-01-05,-0.622241963811348,-0.4022548720903163,-0.49171984314302375,-0.3393128195571597,0.08823300485451041,0.8310173575229429,0.06794259940508579,0.4104412509165582,0.4329468845751653,-0.1574452042115626,-0.8638866194226211,0.23477241106721525,0.4648750868889042,0.19007070795174927,0.987002341436481,-0.38020374558481185,0.39902819381200705,0.1454944392994628,-0.9169328133739978,0.10068633863445609,-0.9342153345192854,0.23091398732437057,-0.01680097220377591,-0.3468077677547342
2026-01-06,-0.25678684781172134,-0.6962581882521255,-0.2811436452878093,-0.24042124472578738,0.026976081341233846,0.06687535574372996,0.2586861770038945,0.08239263736098423,0.16445408787737342,-0.12054526953219546,-0.7117037495044009,0.47723728006249544,0.4542743726848487,0.02916733521307574,-0.15202026960845638,-0.2979127931489174,-0.7748599076778528,-0.2533443457742124,0.2585165673789753,0.5575523910622685,-0.4055190503365418,-0.5324436930022312,-0.09404862831572489,-0.9453633196405533
2026-01-07,-0.44300125068945584,-0.9826861924638888,0.05538143388474771,-0.24020486966831714,0.49702773272045775,0.3485436182028613,-0.07067332864960424,0.22809836967939687,0.18969498673229993,-0.4220326335505165,-0.1337379875474046,0.540909992045725,-0.25975162208873537,0.44262922971508945,0.32926719258009884,0.02219724739954239,-0.14932897329981076,-1.3416631117626143,0.28580708938264004,0.08736470472164778,-0.5266374385666661,0.13177542369698586,-0.9856527710687673,-1.1408939727729075
2026-01-08,-0.12349439725478377,-0.15046743357080444,-0.35960486451742674,-0.5126638824630458,-0.4176640130180695,0.26974388953972317,0.5810322729763042,0.6226580248312459,0.6721524950378206,-0.13675409204908148,0.18372858988285015,0.09102275736802976,0.9071524864834769,0.7302975426846277,1.1646379776645188,-0.058110396304281164,-0.7643209757827001,0.0978458517902143,-0.6348964708440392,0.5263150798084841,-0.2136013789116731,0.10072235194259745,0.31153159696187643,-0.33183320868793803
2026-01-09,-0.923619028918753,0.07588979567946455,0.32224699075611035,-0.43926501434302095,-0.05265972487882328,0.22580399657092953,0.12699549531731535,0.43260869216014053,0.5103595015329151,0.014963491694938463,-0.774035032409563,0.6556543041666374,0.2141857419818341,0.8171689215549325,0.5711786859317443,-0.12216890291415636,0.023866659828051223,0.07595470312261554,0.434200426593709,0.44457556749729693,-0.4433982256423099,-0.31440018342828346,-0.28049485686626435,-0.7408039531956375
2026-01-12,-0.1646912791462697,0.03225022211344386,-0.38661525983808037,-0.21140707399117514,0.016098456620396384,0.4281542954348248,0.0659046698620328,0.41942778399275416,0.6880538071566904,-0.038785210957995836,0.13850647546377254,0.5230876009518297,-0.18629783164946356,0.035243653795623144,-0.18729070169411466,-0.5695869618415784,-0.2308575249299863,0.34720067790018916,-0.7556659342810301,0.4842581375301529,-0.1978822574357182,0.7792926324917527,-0.013174781076534268,-1.4931441798112075
2026-01-13,-0.7276853198323016,0.27193912771181095,-0.22374371583550978,-0.24334037208780018,0.4376760779993056,0.46066356638631195,-0.2660115206542213,-0.0510517722636179,-0.09064061162644216,-0.3527969115763053,-0.8404570738086841,0.504465849162184,0.3208917646261405,-0.06332224134473224,-0.12875201219918014,0.06436681554027912,-0.18955238058499563,-0.25502672589117215,0.28946930578730273,0.905454305936819,0.2870426836961382,0.09199454148718245,0.2998038560275761,-0.391284607547741
2026-01-14,0.5186014172078206,0.36135428217480414,-0.5628848727478486,-0.46567579735974823,0.5026998332736535,0.8415592066187478,0.23123620642612494,0.6301379490726259,0.32340250947615373,0.07559089084053577,-0.03427777927193573,0.48744069373872345,-0.14172388866404603,0.25761428524374963,-0.15995318338168069,0.37986705607465815,-0.12701695069238286,0.42028007614673046,-0.6977330109533912,-0.2465380047956901,-0.16396277814947027,0.503810065745561,-0.5460153207105746,-0.8303555490660047
2026-01-15,0.11870903136386315,0.09699206056472943,-0.548611722695405,0.08525305085241744,0.03408686299744895,0.3857130594339054,-0.10911850097833217,0.13640857177572907,0.9224850630530599,0.016364309753963274,-0.08941453946238823,-0.5079944394238338,0.7538366939876613,1.405369846018902,0.4293243110377284,-0.5701717784900593,0.5589727543958736,1.1516300470865595,-0.10143847949439144,0.31392461370956276,0.106000423841697,0.5992865657121448,-0.6007221010833068,-0.6443280560827414
2026-01-16,-0.10992935575923492,-0.6647470202834962,-0.2081993339052241,0.405133146099714,-0.6549641900877197,-0.08394902943796445,0.42506575273326375,0.2868118496535782,-0.004519113938644459,0.17440375598226532,-0.19201325294813815,0.1386053064130936,-0.30683692317332056,-0.4863745904064749,0.22055926396229739,-0.10145269074158236,0.13166335110247412,-0.4059703278977539,0.5566492557928877,0.06935297857226716,-0.08961627405143224,-0.022279371617418692,-0.6125764424247208,-1.096670298347236
2026-01-19,-0.5947932799907686,-0.5830972325012344,0.09522492731578258,-0.14396720782215375,0.4431981662120066,0.26030449318788873,0.19278645492360258,0.21354287108560438,0.8252205015240494,-0.16085942706809292,-0.5287506638298667,-0.3059478187451919,0.38775092891053,0.8331473093545063,-0.22653469576585372,-0.012599444176816771,-0.6064955608856135,0.1901683761740347,0.11102159426035463,0.5156654756635677,-0.4318897599772703,0.09712411822946676,-0.3072715559043996,-1.1986476966811122
2026-01-20,0.2075927176766168,-0.7428112477243103,-0.12943215337672548,0.326347358233934,0.29998357983696816,0.7109227667642501,-0.32960681395931557,0.4159435106590136,-0.4345976203502046,0.020144844679378687,-0.24565763677463875,0.2291860678269202,0.24442536681507704,1.1178839633392799,0.5899658327395312,0.1038486392959204,-0.17839843026988156,0.44772788997563545,-0.36404717913511564,-0.7738224472229009,0.0731961302651228,0.7528444089293577,0.11570660290182677,-0.93907901525379
2026-01-21,-0.8708851010399428,-0.617017258697104,0.4507123501207325,-0.4733622243654175,-0.07288572137743093,0.4020094878609854,0.7218243369563175,0.1802503788960451,0.2855523382643034,-0.6998538213248914,0.31449799083678465,0.681056873472923,-0.44090195025060586,0.4611828215454219,0.02776979844013358,1.0136710323650078,0.15669770956818654,0.4247744960968937,0.4050108022201019,-0.0968899929239245,-0.5906497652129148,-0.005065503410614264,0.3632837814902038,-1.5336676766362407
2026-01-22,-0.747644442832413,-0.10671283706014101,-0.020225627412371244,0.03058679241272133,-0.14444332186268877,0.10229072857889263,-0.4183196137041717,-0.1860571236565125,0.1255642197949416,-0.3530261393010753,-0.25549701958576376,0.045123013609956866,-0.10448806704022254,0.6743695484352579,0.636855272166599,0.09038511868659949,-0.2099889527595411,-0.3519425175930649,-0.46148312003128633,-0.2355988915401722,0.47815857267774003,0.06421557883737271,0.4632213550816226,-1.1495725646699275
2026-01-23,0.2818312508229215,-0.08196007022846885,-0.7128967852987399,0.08905414097860495,-0.1933167163463579,-0.015882439747047335,-0.4677803089529313,0.31293296915277485,0.6057483116140621,0.4432100489962327,-0.034195131444601595,-0.21559718832577385,0.8921181455507218,1.0078049122159796,-0.40022834994463385,0.3525899607122016,-0.1743597003638164,0.2351398769251928,-0.4453307839188954,-0.36739373258250485,0.12214784003358228,-0.4540209828082473,0.051425179195800835,-1.0773704708402438
2026-01-26,-0.49888384326885304,-0.27135352166632437,0.05733179900274237,-0.7550497347920968,0.31241546021824174,0.23022446109660713,-0.16218130628311866,0.18395040346739072,-0.10549041122607278,0.47937023107910803,-0.07448380553363536,0.21904950563682157,-0.4304641043063867,0.656489677641823,0.42971737059625786,0.136557574239621,-0.4374142604867603,-0.6913698974351574,0.1655245590860279,-0.12055652466616462,-0.6682272781339232,-0.010681175981695025,-0.01986849901969412,-1.0102004332898844
2026-01-27,0.5634052581460455,-0.9542627373183371,-0.022687853795797644,0.46551732599130247,-0.24059789240862245,0.6833719244602854,-0.10842304109609696,0.640343839811823,0.19027284309920217,-0.47088450362788636,-0.18306444260842666,0.034366602374598765,-0.0876280001168829,0.29079802838295127,0.7126174261580683,-0.13043840544752205,-0.3055926040664434,-0.2785212018826212,0.1429658143188285,-0.41363499613005206,0.14382715857935754,0.3560619363687194,0.5275347467487383,-0.675363041626406
2026-01-28,-0.5291749100661209,-0.38754645211988953,-0.5846621754953265,-0.1873980215760558,-0.043317354850552235,0.1940206883123872,0.3085026117178988,0.8339316564622219,0.5226562950218008,0.7085671324118227,-0.1787656640539137,-0.822415400997144,0.04462625991540084,0.5264205663600614,0.3364905526818086,0.26917968003205295,0.4679589463780218,0.34141987181558253,-0.4770078375633242,-0.6494251783244794,-0.1701577826434292,0.509381665151814,-0.02149520012217329,-0.45228460660107817
2026-01-29,0.2504066149960547,-0.3340675695496196,-0.048379340520257746,0.15497379870725997,-0.08726780561855996,0.6635959564577185,-0.265429077975018,0.40805105347559895,-0.12437679363492976,0.23686321126856574,0.05850488745363333,-0.00012553598520932685,0.0574444582094962,0.8053606613236417,0.626694059730827,-0.26241848988440397,0.24160920177232761,0.09995474923630487,-0.0627432986543256,0.4076500842967898,-0.21315653044021446,0.3649071852845396,0.23216957146056233,-0.9587563987981752
2026-01-30,0.28999648076610707,0.025779942538492917,-0.5786027888579799,-0.5219158971826334,-0.3622941763452643,0.338609395926719,0.2736256729220793,0.48770125884250054,0.25114529067462005,-0.1619326012333392,-0.299179343524381,-0.2257513779453032,0.8585382745557861,0.22917982357833866,0.7462232259447763,0.5325703497848576,0.7399349920815175,-0.9093068978541515,-0.7633698477893877,0.3588949074090221,0.057320642594721805,0.5089801061441384,0.08198046243148133,-0.6169196357118386
2026-02-02,-0.43903784246560035,0.09667589796699369,0.14764125710927153,-0.25043410728768806,-0.1006608456133492,0.027757725248097637,0.2902513544104657,0.22373040328439442,-0.2636168511217293,-0.3272207185567232,-0.812016794519209,-0.042424659227946,0.0650559257252763,0.5559313124919277,0.45221326980264026,0.11993264479219187,0.04410157503928003,-0.9478631424027305,-0.1889637912426336,0.08211627352292591,-0.07713171374314981,0.49136220418880416,-0.1393575133662298,-1.0291434752915043
2026-02-03,-0.03670011282421548,-0.13648245867775197,-0.3441933655349707,-0.52669749510482,-0.21013146116187387,0.07843005265841099,0.14337046247833646,0.437580461008821,0.9504263562838314,-0.06179918116072103,0.14420399589408217,0.2196645506885978,0.6422084943784616,0.22753717328080467,0.11620386520301637,0.6645175149092986,0.2387063277122235,-0.35735903389060997,-0.44838547321997496,1.259610872350064,0.2506086836030314,-0.3490724454173997,-0.42066390547529037,-0.8038680850392613
2026-02-04,-0.42172797152380725,0.06802371431863868,-0.11226585647996876,-0.7901848201871555,0.3551747420587909,0.5128838125824271,-0.08219512810727622,0.41671598325843673,-0.09516266593849193,0.24492081288242076,-0.04998112308136174,0.22306751242978548,0.6953450000239186,0.3727422490839916,0.6426530324136446,0.6484584085931163,0.4690515687507951,-0.17789302186076272,0.6848332718676754,0.35888412482972093,-0.48090578436841064,0.6036630254306397,0.511995682675253,-0.8687919867234599
2026-02-05,-0.9529605761522955,-1.040258913079427,-0.6632295015171048,0.18835938090313567,-0.509074359605541,-0.01615354589086644,0.19850064545953694,0.06310208714103888,-0.10048581503509563,0.37470424819756215,0.1182478372875002,0.1652861985734707,0.18905412404338734,-0.3999805483635755,-0.1062797490630317,0.764951662844233,0.12188508756801095,-0.04870675026211768,-0.21563943856155174,0.6355532503314969,0.3640851597644762,0.5250029706996296,-0.15600549403458636,-0.5544545762496763
2026-02-06,-0.27560304045157513,-0.6278773805614859,0.015809790846535887,0.706522698784072,0.08352278334043263,-1.0166009394526687,-0.03931288495882351,1.5021631076674082,-0.18526635533454044,0.5037569506699312,-0.7841554877420479,-0.7083350061224888,0.1010558111207579,0.15331858605349596,0.5352108434232146,-0.5628434198710422,0.5569006143335207,0.25871556671733587,0.1459018935464812,0.5351572604873975,-0.1963338978460455,0.36941918779160166,-0.4140797735959302,-1.2150730220019397
2026-02-09,-0.48933052938996524,-0.8202984095105872,0.13975947844288897,0.1293375828440856,0.7061977419092773,0.6847263964447294,0.6375486655679468,0.5630926676508328,-0.7484023167604528,0.07177317968400289,-0.591379095680574,-0.24185944413834887,0.47502283314408844,0.5255258375255772,0.41366743471511147,-0.3147380956270518,0.4732415887769988,0.1740869584050826,-0.3012830814071048,0.9115833324034529,0.0373624042791193,0.014586294997895065,0.3466422436544008,-0.9578352264630505
2026-02-10,0.05831314948899882,-0.666852744338098,0.011475956519976342,0.02910121964397841,0.5661905589683784,0.4739626451968454,0.5296868756215485,1.0244515029558299,-0.6627970326652906,0.5753284830785501,-1.0788171999300622,0.09608674697322905,-0.2501927206722383,0.6502725466894482,-0.7946220137611951,-0.14385694146704658,0.425807105413403,-0.15816628205362315,0.3625511201290208,0.1577443134774307,0.20475401650684744,0.09681694481368662,-0.3747411637513091,-1.2991079816682505
2026-02-11,-0.7475844998135193,-0.8327970750426337,0.1570020397084892,0.26442330109382217,0.3345451117423328,-0.5277151094729999,0.5366623814036519,1.1572585976124095,-0.641892814948406,0.472241448694596,-0.5338483660744119,0.2174624302710794,-0.7610260561388408,-0.7224332638328321,-0.6209119255353255,-0.48363840981892126,0.8011015526058591,-0.16273009479364486,0.08442972162448924,0.2901457537739997,0.8606441522816353,0.23470824621019612,-0.9062107817421181,0.026960230487915404
2026-02-12,-0.2751674591927852,-0.26484067210495565,0.40528041876656784,-0.08638338526879794,0.07698969167383823,-0.2166296994178544,-0.0560576360860596,0.6927088056927674,-0.19319875261631025,0.5947717112985323,-0.8191061877655967,0.3819330403252928,0.17459163058847596,-0.48112085990116615,-0.48346547447256194,-0.38248002146615845,-0.14385337661692665,0.14033263386810227,-0.10636223818367199,0.3906590437910976,-0.38174688294808107,0.22504825843288945,0.2566980804062338,-0.7500799126628788
2026-02-13,-0.8368237560916661,-0.03869905887566981,0.4070284093006724,-0.43952642564849964,0.030970244968689616,0.06248401768944464,0.16243761666166678,0.616550284974783,-0.014197062599152488,0.7502348583859619,-0.3116160503454714,-0.021325632516441262,-0.02230059466155307,1.2259483989979674,0.2677890336220445,0.4082322209826685,0.03962531802670197,0.5175429590789667,-0.11523420219490305,0.6628654007442006,-0.029429588876567797,-0.023517821579815273,-0.26939091689594397,-0.6987791986438847
2026-02-16,-0.19660005355118,-0.0584460485809655,-0.4370217496854338,-0.007867885806628103,0.4122867522456903,0.032023064871486734,0.2776754351460131,0.8485250116696389,0.005500304445811503,-0.3647587249157464,-0.43079680495123285,-0.08938431058254732,0.365860400206664,0.7508892537683569,0.38646182523649625,-0.5227297203583237,0.2007099725375452,0.21661933113789783,-0.1252108922680597,-0.48043515423086225,-0.31818248853552,1.1397772173971725,-0.6545022951408896,-0.8997565818110336
2026-02-17,0.04582650130169749,0.07714923102284471,-0.46378855790494566,-0.32799956338736447,0.08661937930281341,0.763319958842885,0.47465863602106795,0.8316662201336571,-0.42139989603930195,0.5217864384824453,0.22797852594758922,-0.18265504752845935,-0.5848369516904701,0.03145200932507558,0.19967778883444265,-0.615875346907591,-0.21828874352009756,-0.3767550190757444,-0.6770467082123013,0.4563271227887638,-0.1907071712153744,-0.2271257456363499,-0.07943548987351798,-0.2697099612960837
2026-02-18,-0.3704816064002042,0.1468024091920656,0.3029445406876782,0.5108070939394057,0.34630120324767655,0.3207089366460353,0.304561587966345,0.2635683800018793,0.4496262673927362,0.5871730258885056,-0.8595003908110418,0.47171186611819915,-0.033004831093182016,0.5013844898980695,-0.1117111595950629,0.18059329237162056,0.7021365077915335,0.0920650313239871,-0.7568292583670567,0.045618734856355064,-1.014222705742176,-0.21192734022039023,-0.13799740423653642,-1.3290223965502617
2026-02-19,-0.6269257797083898,-0.10785629766324899,0.23411789017430654,-0.5205402248327411,0.48615405508363496,-0.08654364150221422,0.10938609405478028,1.109546976205777,-1.1773001516161767,-0.10205998611572528,-0.12328963060347534,-0.06011592896786336,0.3979438486267114,0.487817357604423,0.31677867580002694,0.3787402313236624,0.11133573493915293,0.755218450116974,-0.22552418156827073,0.4164977714143764,-0.7671637288544431,0.19380849328439548,-0.28431509131662247,-1.259068945081602
2026-02-20,0.5958387492465368,-0.5760966294602763,0.7372916537183539,0.3998657534107215,-0.13867847706081815,0.1263266272122072,-0.5045585607472796,0.46719039772188603,-0.09170371446009729,0.04216626971310719,-0.43628306713815834,0.30426717714016216,0.15682541624621335,0.47300959987395363,0.14787213561569357,0.05981333001675468,0.7017365481236296,-0.5089769593689775,-0.40577267247252735,-0.36969573215176554,0.618940432062445,0.24626527468842285,-0.04960618027624572,-0.8742644257130403
2026-02-23,-0.3105921707998406,0.38944106551131635,0.14940107922847168,-0.3490184283731941,0.03990586429949117,-0.036457933774092705,0.36627484689981255,0.6008716602547113,-0.28704458196017696,0.3894453112605348,0.7843766369052156,0.5584816178793495,0.18479262342021224,0.15604158170836827,0.21031107704141608,0.23554141272076884,0.43659215164648313,0.14063709922620027,0.08464978824556013,0.39597808348331276,-0.2430854482770184,0.05026920928159015,-0.3902399495732276,-1.1956315434074885
2026-02-24,-0.2938875242148966,-0.7558292422087058,-0.14688812745887042,-0.8532263242372158,0.07256338838369496,-0.4860225627938328,0.8015580814079553,0.9742666856553462,-0.5698193832608813,0.2089350796433314,-0.09141052336435497,-0.6143595542373296,0.1593570595413899,0.7138927372487185,-0.3872639941438948,-0.3845911821583239,-0.046273031017019406,0.001988251984752068,-0.24485156495180357,-0.43556392004679023,0.23049136533867692,0.12918801945226577,-0.275293918572611,-0.5724927266179414
2026-02-25,-0.85294263229191,-1.5062530744456548,-0.08462892294918567,0.17439224927844477,0.1578921527332551,0.36979868362731616,-0.06843146605923768,1.1028499476547204,0.22348729737248896,0.001306717097853351,0.009471150965324582,0.17438347636993107,-0.3171678328880586,-0.49198639440014375,0.7789501484133066,0.12673502095186828,-0.14299333120281932,-0.15672859414579518,-0.3691491660664463,0.6565391938694077,-0.22450856463462668,0.4453739545074227,-0.18385533719711064,0.039742016071245556
2026-02-26,-0.06167331707566186,-0.6291718152443619,-0.048721835040673456,-0.1221514297114143,0.09950158397007897,-0.3183188697421876,0.03357781061957432,0.5061164045348457,0.32462202180842525,0.8272004585218669,0.5461466804240086,-0.5107866487348792,0.08293329951413701,0.24693439168761228,0.09979770387957643,0.48036341194213084,0.6526600573677053,0.09363809397496856,-0.47756833965645495,0.8930888012261797,-0.6577770627633419,0.10083084640277282,0.007004482990644462,-1.2854328626028957
2026-02-27,-0.4570856276399161,-0.1593998528261931,0.24108105547145015,0.23207549730390514,0.45143452152168984,0.6746075639219299,0.07733392969865212,0.5221857063228755,0.3647107179956578,-0.10511244335002518,-0.6603311698286369,-0.3343774569458031,-0.2989966249279643,-0.4003062395136312,0.2915760904066945,0.35806427722460066,0.32808486210938737,0.5862927197051,-1.1168422382911938,-0.10148057228903545,0.06559763407131713,0.8939722500457505,-0.47242731082583644,-0.18400534539911964
2026-03-02,-0.11259428592463884,0.07522331496115693,-0.9125495168177513,-0.03405612401859309,0.6237967986466175,-0.044589078709314625,0.4100389595773044,0.7587076606668215,-0.04273387154503015,0.3165104469879686,-0.11620738727140667,0.05207988639626551,0.3899849357392852,0.4473184280418258,0.3703714804164848,0.1831582333871213,-0.9186544874630043,0.181098523907213,-0.4797273994062476,0.237511965125515,-0.3414482460462732,0.7169720829914153,0.26677791072980805,-0.09963115752690938
2026-03-03,0.013373065137208068,-0.8373347642827819,-0.11647079564995944,-0.2674968963829718,0.1722502706304312,0.7244098988371436,0.5202730234475446,-0.007748307352066275,-0.727813724622002,0.14963102114116045,-0.320976049689995,0.015084652020912082,0.2603115807621276,-0.5302354820960775,0.23499752882950417,-0.06838396292856985,-0.6407874676999098,-0.2887885723514767,-0.4033497067594589,0.6094862544270112,-0.8291647711157646,0.9052184440135871,-0.18913320018936702,-0.8690925334858601
2026-03-04,0.3342548652227318,-0.12674345187994876,0.6696275347024161,0.10508464854989472,0.27278064087214204,0.5382977500713202,0.26228242574274835,1.3075551388981512,0.160391555849529,0.5475751346544969,-0.4905740773434769,-0.07411435122577936,0.23021032146341747,-0.06235074984854766,0.44276518929987874,0.2729643913021826,0.5099267647347606,-0.34762808236875264,-0.01748006330334788,-0.0374534594139837,-0.1324564536207909,0.3271945913863731,0.20096216347742976,-0.20332757825965436
2026-03-05,-0.03373186358460861,-0.8026415266769978,0.6055338498365361,-0.6386793633116579,0.19864330386505347,-0.2613072340759163,0.05821343191053746,0.1567100575661862,-0.11192427627992269,-0.00718073776649375,-0.9540985646120563,-0.6699548740711889,0.4495855844146339,0.17914738204567407,0.08744923843447523,-0.36498537646903767,-0.1960494579643427,-0.2836942015610038,-0.7735830437265964,0.15710259590830708,-0.8040754198413236,1.0048977949055373,-0.11132568695634773,-0.6291717977240457
2026-03-06,0.10993866371131786,-0.29362035247060586,0.00023576602946112635,-0.23778605524039745,-0.061567831810211415,0.3289425151577037,-0.0761132695377389,0.45403009824713136,0.37808606861463,0.9517741871711385,0.11013025242818625,0.10530872941125004,-0.025141898460089504,0.07965623935359278,-0.6346448865113083,-0.13934627116811815,0.9319912814100207,-0.24983454613452777,0.20350849554491848,0.7290253147885388,-0.6577605255835954,-0.4278349100499561,-0.23523883739641374,-1.2141256578667672
2026-03-09,0.2981941223751071,0.2319317565625359,0.01277107950276346,-0.20738778997050145,0.31749717559003793,0.14874198203283032,1.020748655627571,0.40025332366150174,-0.006150871063510602,1.0001814481272011,-0.695848899987338,0.04444070005886426,0.07132793023421233,0.3490656511028217,0.08660822809837818,0.3597167049156877,0.2720589240656215,-0.026066241339157276,-0.14377815563506743,-0.15679187399846023,-0.28182591129348306,1.260464617329215,-0.42098189579473516,-0.6881699514945362
2026-03-10,-0.21029785717363136,0.02426920691956662,-0.761492935975485,-0.5837785950700559,-0.1207032501990637,-0.13356922197517987,-0.2349159640533204,0.22963030862319544,-0.09492980672927845,-0.1916744975035589,-0.5095253636023189,0.006561508772994152,0.10217073074434568,-0.24608527304335578,0.1164281380638725,-0.028636252840051335,0.21677199660561236,-0.7035698179319986,-0.6116589912033412,0.3766191709867916,-0.5814983574933434,0.19015407815282578,-0.004046770633702179,-0.41288474999034386
2026-03-11,0.4213627814091443,0.3231527585108558,-0.2794358919115223,-0.9183760859148142,0.16168915917163246,-0.24116390096954582,0.1986329967038039,0.8710780174667718,-0.4952926392440218,0.1852420674340286,-0.6821079060696025,-0.5233315786027792,-0.09714355644136725,0.6721606997141294,-0.025499937275793597,-0.2658898346836549,-0.24419513882148278,-0.6056888133328926,-0.38518505610085685,0.6368957470725987,-0.43558038680246713,0.4180536204575395,-0.6666353521748718,-0.7270623589586731
2026-03-12,-0.27624492846437654,-0.2984913825019471,-0.31394843303419784,0.1800121770075508,-0.19080031384783538,1.3495976366255926,-0.6458944051813247,0.7631690579597272,-0.005974612293235149,0.8015808890194206,-0.7969995329750774,0.6317395073930081,0.24463013527824223,0.07783459583441385,-0.03438457523397546,0.6095832961340564,0.37713721878306317,-0.5395400107549907,0.40554756423086114,0.2561628899574573,-0.7452937082086892,0.30226112520313586,-0.14485159106898365,-0.035177263297476835
2026-03-13,-0.4444417618564823,-0.051507801313588966,0.5188635919312317,-0.1379997005650115,0.5147333138028853,0.5564943257543582,0.6232074011106065,0.7120017888752426,0.14195041767050864,-0.47278982412685894,-0.6983194304429824,-0.01983950742536511,0.5741738591113538,0.7418068783864109,0.39678643216274645,-0.06226695785969809,0.28281768583190126,-0.5939748165414978,-0.4976944654863319,0.5053574715998455,-0.22249910875767137,0.1854702273975704,-0.29982296258435126,-0.07710923837005783
2026-03-16,-0.2067314149852504,0.6023098805041629,0.7434146664418403,-0.6859830841841502,0.21689224403121413,0.5998427515522707,-0.3074720314765862,0.6341571197697695,-0.665420508182234,0.21345769280315538,0.3883120948059602,-0.44811368747784674,0.10707650245080114,0.554267666158449,0.7319902262304893,-0.11895099055571945,0.2462106983451557,0.24661988215777764,-0.5641459582040982,0.34782184809719163,-0.25166709276318433,0.3437833396819794,-0.3243704709313038,-1.2811724492785044
2026-03-17,0.6261791616500435,0.3620627305857521,-0.2818456794448553,-0.806652592275519,-0.6048372802012745,0.2576435938023623,-0.14704415741430557,0.6502976167720866,-0.04570932777387489,0.9351909296633582,-0.4616988558471372,-0.03093623470212184,0.13695501686858472,0.06781035012735195,0.1511881282710528,-0.12931307963146754,-0.5264108584808231,-0.7423984753925545,-0.11566569313545506,-0.14481168146999543,-1.4913162679043888,0.31996548617226056,-0.454953910781467,-0.11993346430379542
2026-03-18,0.8940623916220223,-0.25449408745155244,0.02751342476785619,-0.4407835407824997,-0.14092017731422668,-0.37408503482972066,0.6106536388105862,0.9820060390744547,-1.0058255146819446,0.816022392690948,-0.7504528420133771,-0.6227745595853441,0.6401651053139255,-0.27599648719563274,0.007222793314965961,-0.03723721838721559,0.6165085526906551,-1.0440669294492628,-0.533970958818327,0.209052591293155,-1.04108600699024,0.16543505252553603,-0.41994504455349957,-0.06389662487864645
2026-03-19,0.33824101212660274,-0.0839054325836706,-0.5005759943296684,-0.1123615754453322,0.2604443933805427,-0.04901093714742891,0.3659624351022312,-0.2588843664652551,-0.3179085246186215,-0.26879131127274286,-0.7859780179182294,0.3514109979350525,-0.10632243501907718,0.22367305065282111,0.49898739163814737,-0.019941766488855373,-0.493974548721114,0.40670364006311216,0.05506951312800101,-0.08894713946569205,0.40792769416844343,0.430146034079104,-0.32889745879699,-0.5242217689225575
2026-03-20,0.021888211098715193,0.1492112710979548,-0.10620255478341678,0.3363200033595606,-0.17494382132630162,-0.024699839349930752,0.6450583445780163,0.7735082527402132,-0.12323121797795454,0.031741706830573924,-0.5683193541067271,0.38709309713422657,1.0790193251307219,-0.14893209487354447,0.2915812759160302,0.3985139973901655,0.6764141975641427,0.24914424682211306,-0.22941291898582664,0.14801858874516555,-0.12835155412337773,0.4548256043144995,-0.5809327484619816,-0.5128887357943553
2026-03-23,-0.901038012859025,-0.0764015109886581,0.39562346849913693,0.340988480484426,1.218881495066592,0.5312469079982158,0.738415286313953,0.4837788745292323,-0.08767169770133883,0.24162495032892362,0.01647335914413503,-0.11157788637558232,-0.17277898739976347,0.5035844500481432,0.8406925992433931,-0.5997778685790727,-0.2034559539030729,-0.6470744284987062,-0.5129635170818878,0.484546141484996,-0.5849656770234649,0.30304416416693297,-0.2865885567659781,-0.5034782888828129
2026-03-24,-0.09461103112835811,0.34877224121347106,-0.023171637835980946,0.03781827455480194,-0.08716188638307054,0.11980461632802564,0.11847678536747311,0.6063038698445045,-0.35655379694881373,0.1279887820671859,-0.6598503712522424,-0.06609761332305923,1.1520665087202286,-0.2451694087828947,0.23392531192992677,-0.29633662810725914,0.8852773192609869,0.03261459641775438,0.30450000577859304,0.14926401049711352,-0.23223732185946488,0.4861036040563868,-0.6719832162127275,-0.8413943203719613
2026-03-25,0.7151141858080223,-0.124232751164075,0.07422646006714087,-0.6755662019615567,-0.3246545767798898,0.23103811459548368,0.683431349084013,1.5616084856583057,-0.018698225129898924,0.6204104445381491,-0.5489637863372754,-0.5520058065735148,-0.3886965699625068,0.5756163244914161,0.39181921044530693,-0.49438441992706683,-0.10354950300604282,0.3766540695251117,-0.7283262918694404,0.10314276306285702,-0.6968706760440437,0.07290965246456146,-0.23472334144015666,-0.6340421952639111
2026-03-26,-0.011762465017817456,-0.4957123948227198,-0.7453236523021578,0.0007176170714427582,-0.07063802382886908,0.43458706341437325,0.34695340299851246,0.596737421887527,-0.27123373405279955,0.7714259470978235,-0.5679455520003358,0.06000345772406382,0.12105722057476673,0.31150071071525154,0.46854050920412915,-0.3026764903209311,0.021346727801802634,-0.21845400474932933,-0.9698370694563608,0.7834358247899733,-0.5583526255330037,0.321478555999085,0.4307523919192481,-0.8630696341897923
2026-03-27,-0.5148993140375313,0.1840028905333875,0.031126349393819325,0.46221340788877396,-0.37313018505505824,0.4259240956347664,-0.5433835493760231,0.5264788368406874,0.1319168003985593,0.508009599333163,-0.5333701483280702,0.469348843866948,0.25745094172594124,-0.44674359355911175,0.12709735619234727,-0.49662243361945413,0.1940217487367884,0.3866004367394812,-0.8614379422773277,-0.16060757633076697,-0.5403404059289504,0.9466764384690295,-0.9250521598488586,0.12879431752817583
2026-03-30,0.45039515921724,-0.6355050964788185,-0.02092382541698984,-0.813111949709632,-0.4781837758245486,0.3028320056613121,0.0556357043556866,0.9591753252441357,-0.537944135623417,0.05845580810581377,-0.19782121802269662,0.09734929474963,0.5612724574528799,-0.4440076491274749,-0.11931342801272316,-1.436253957386227,0.27542264817591205,0.1450007414502036,-0.24386353205960465,-0.23797745004279172,-0.3218937060711971,0.022793198794012204,-0.8300323641342747,-1.4382365324011461
2026-03-31,0.2689309973815919,-0.6343921626995869,0.307178264304359,0.5606789953206416,-0.30591141610509825,0.30620456151512876,-0.5126351442589324,0.058114979300729896,0.12179869755487194,0.700679111738548,0.18100047070149117,0.8854222860090132,0.25684913201670717,0.21276954150488137,-0.485463850365864,-1.2661956731740083,-0.5161028531056783,0.6630835619146418,-0.9857733829733514,-0.14134072441601747,0.11107142690785995,0.5814205123637963,-0.21645950147832793,-0.3117586716464918
2026-04-01,-0.37079465479852447,-0.3944637020480807,-0.39692849899502114,0.18425993152715858,0.5359548533763159,0.486064497820362,0.28033096654494294,0.7800467856665356,0.31159497248326024,0.7976879529003335,-0.45949966278507415,-0.4673750930674453,0.48587338448318995,0.5039870111653277,0.021407244119033247,-0.36541985059894766,1.5108147007487496,0.19823788562677944,-0.4549878184387375,0.1479951585842062,-0.19722831561799414,0.7854696108815649,-0.456392112887603,-0.47978290443636135
2026-04-02,-0.12250624600629176,-0.48226126202578734,-0.5226761157642146,-0.08703194912334666,0.24678899199383691,0.24357944861061812,-0.07318435750610473,-0.442154771893714,0.1539961720769961,0.04742565170263596,0.40872633276177917,0.01836767316570223,0.16395947396152669,0.1673050519552788,0.6854841433931596,-0.41578847610045144,-0.1602742159549741,0.39518441731611487,-0.2842465294564541,0.4177434595952475,-0.395555297771719,0.3292570282214859,-0.4270172132193763,-0.8883684485036514
2026-04-03,-0.23879145471612434,-0.943978046081177,-0.014378478806840594,-0.11385440138128489,-0.1958851380062295,-0.3605514553245446,0.8972898253969601,0.25792257658958123,-0.4481330129331325,0.7564598900844143,0.5130879238629054,-0.33357164903778846,0.4933533113253006,0.7246025492250496,0.36652567234966854,-0.24002721768968444,0.06407431841622734,-0.954584331783047,-0.5138243871011748,-0.2498482511595024,0.3921628448816192,-0.34320065439535175,-1.3036191463611617,-1.2560362810764545
2026-04-06,0.4693422877863833,-0.7924112903336067,0.399123887132156,-0.14355423639064688,0.05990325270986556,-0.312020244237363,0.02705136030218601,1.0094893243777368,-0.9442867796470409,0.737419531554856,-0.6608946591192683,0.06796066722964783,0.6502464943347485,0.10905368738490545,-0.39435841167748353,0.402745183486971,0.6345230353921789,-0.7827056414760118,-0.9789731287577479,0.24001441053204176,-0.2513438104732736,0.5341232995682995,0.03034879930381057,-0.3234015158805835
2026-04-07,-0.31018686547406843,-0.09754436668019814,0.3548555548401374,-0.4060645477452245,-0.4003660176343512,-0.5696085151550485,-0.47626438847491825,1.0235456897603115,-0.7475914917177017,-0.0443190379029238,-0.547240156590296,-0.15648208597239266,0.6211433618064626,0.8875455156556481,-0.012394986854045748,-0.8022475043611349,-0.08003189130112831,-0.8672477080909388,-0.07659166496709938,0.7863888619098591,-0.06859910616085568,0.035093871454006775,-0.3431095168255404,-1.1897228437601353
2026-04-08,-0.5137522248221816,-0.4578856265241015,0.4499366685487024,0.24830909126434636,-0.058169731546338144,-0.529942195498436,-0.25694424908601915,0.46870635824412277,-0.24773840485521623,0.20734897409482414,-0.20054924021648926,-0.8407933241238268,0.12083123304445194,-0.2360004082947292,0.1758432390815148,-0.6421186573890207,-0.10553451795454366,0.504098140502072,-0.5598739856830831,0.44695518563564596,-0.317382742144631,0.5421270633819857,-0.37280035350651575,-0.7086655315993047
2026-04-09,0.4276069078736863,0.12892334913688516,-0.4516728756733084,-0.5032305477582781,0.2597865642125472,0.0548590429025345,0.20802101303612236,-0.2782886482510794,-0.018542326867662787,0.33813008781139753,0.2647730977452325,0.3653803243696961,0.49410060617298523,-0.008780984500647349,0.7259824866594234,-0.20383268668307852,0.15924195088923215,0.23945555416355024,-1.2176751448143746,0.546822337935579,-0.4249620359875409,0.07118502676417088,-0.4988467660863618,-0.8350607016927363
2026-04-10,-0.5639849122053875,-0.3091410555125414,-0.22108701110715853,0.20367813725208844,-0.3895132029913886,0.38482468356332145,0.3064657144611682,1.042412757631507,0.7330122677352783,0.7064571346029993,-0.3137666645123306,-0.591395397705527,0.07867861374755991,0.02092878248498614,0.12485380175792787,-0.8377539403259541,0.24887394525675477,-0.4773168840612918,-0.4116019176883936,0.3379268424101496,-0.6520332793780723,0.7211781045847041,0.034690179079081784,-0.654790393822517
2026-04-13,0.51871527200548,-0.5342515472795999,-0.6091817458384448,0.37491837206453266,0.5697150356189122,0.769106021452861,-0.03447152794966141,0.36250660663306666,-0.5106737447249927,0.6865945931097732,-0.126482385050938,0.7261446639719469,1.031031395394382,-0.4444278168633561,0.06872480700960833,-0.14236077132859637,0.6430141860373777,0.16739843342072305,0.4554837316524486,0.13473872688670435,0.31440278352272216,0.7718698109260334,-0.9938515193894598,-0.49457488527244364
2026-04-14,-0.13260756528328116,0.5145244984607815,0.2660127257159738,-0.3342912789840815,0.36098048595238263,0.09081167356933098,0.5162894610922631,0.8004851054922406,0.29509836451628063,0.5605420239285993,0.14860073842422164,0.7665140320389711,0.41376278941873773,-0.5214724525746354,1.0931526885842133,-0.6304402734824417,0.22601415315030315,0.1288074469406939,-1.07855311114662,0.7237502838599391,-1.0245190384369525,0.7219613137668228,-0.20157583213330732,-0.17655668258136334
2026-04-15,0.4266050782354998,-0.12059932932149264,0.7377621080704049,0.6155103919327383,-0.8275578071771643,0.31090479345491817,-0.17711232315035447,-0.1648080994046332,-0.04853560017749617,0.46284147889358906,-0.27288240463217495,0.08548647378965776,-0.20594088409825398,-0.008892988668094154,-0.5769804221907517,-0.19227972862858733,0.754674051552985,0.19220630376295506,-0.27452940086667926,0.30470491122122284,0.03514041838446062,0.06493560041636878,-0.2952941493130538,-1.3672065829579412
2026-04-16,0.19972337173476148,-0.3349990412527396,0.8439253349335977,0.06076050499854789,-0.13139571158879554,-0.2221000122902207,0.06997129367666167,0.3311268424819857,-0.26485138271889286,0.8039038660143324,0.06099168809606628,-0.048806203187464293,1.3423434666622107,-0.09758088937020334,0.24623728116226323,-0.8994363045094836,-0.6004513339544173,-0.3418890668983768,-0.08826180058778602,0.8057652746432353,-1.26200877418546,0.8085521366124832,-0.05069104383869427,-0.4331258049005856
2026-04-17,0.4825893349230862,-0.027692116844981806,0.3820010318077911,1.2190640334297813,-0.9079933934935003,0.005411844736882665,0.9113757165065592,0.09811622039492451,0.419512848377765,-0.19710904534354876,-0.5563630216873332,0.2520644338335066,0.529970039364784,0.5227858936892608,0.4562937552605418,-0.41127598537087834,0.6200851040377,0.00488384853666643,-0.8693282801975006,0.9883627512949773,-0.8630878044917668,0.5034197142827579,-0.4784115827475715,-0.6265034498455155
2026-04-20,0.34443525922624096,-0.3587519033910954,-0.3861883647288358,-0.18080732781109465,-0.5063067155728492,-0.18574746667470196,-0.17373047950536907,0.506326194412215,0.009555171380134508,1.1322607871418204,-0.9260421008346544,0.35895043832931595,0.4977707898396544,0.27757330326751956,-0.08921759669083917,-0.7387869736504422,-0.37670480152328084,0.6624718880082789,-0.32470956751902463,0.5092921422509339,-0.5895422617512043,0.6287554512377977,-0.15870182856595913,-0.7407202672623352
2026-04-21,-0.029800708019053157,0.001135648841744552,-0.18587244694903465,-0.20004245431917544,-0.01593271386542207,0.5834120460534891,1.2265376063144842,-0.15134513593670412,0.07880300942794141,0.39802776083754804,0.24719021063721341,-0.5273768245169603,-0.02122281784714966,0.14136781314412802,-0.04461841901175819,-0.018592488280176973,0.3988531392475591,0.0708268474436641,-0.545948882331765,0.001044906886323943,-0.5393428699913408,-0.19906399482205073,0.0007421758811466464,-1.11641876146432
2026-04-22,0.43121751991360674,-0.03995799805697227,0.007958281589587654,-0.5914044414958225,-0.5575778871849973,-0.4248450081874434,-0.2430503446467312,0.814427829327668,0.308907872430993,-0.20129998317700032,-0.3925280489200881,0.32046538270168,0.06585148313111497,0.14767841805171272,0.41634960749885513,-0.6513001187597833,0.012818913080349437,0.2294374940263808,0.3172501693190929,0.7138522153714818,-0.7788070341607318,-0.42869862220464555,0.8850133869065492,-0.8604105858577199
2026-04-23,-0.047261060079916484,-0.18551444260906677,0.3693596627160175,0.07335273990292315,0.21605106454487893,0.13374073149508747,0.39425674736873706,0.13481064947932098,0.5948117123162713,-0.02705797642890856,-0.024183750081749902,0.4842010100712867,0.5511629126320715,0.03610010106045064,-0.5560034984953249,-0.337324167604242,0.22127259340438515,-6.856554192231565e-05,-0.8733330109297601,0.1763866203526594,0.2523847786139553,0.027038917802207935,0.43796977187926067,-0.5612487213339686
2026-04-24,0.22008052766515668,0.3044664986295092,-0.0384224237624155,-0.035136970773295875,0.14519033178121593,0.5751103616570716,0.10069605173157348,1.1607818743228766,0.60044617348494,-0.5963672499861938,-0.20670320677283116,0.25031854162538525,0.036068772312806946,-0.5863572689111348,-0.471262728510915,0.027808156844251766,0.004297648376428792,0.14889735179922028,-0.0963008575571412,0.8760379622541465,-0.23698009663111835,0.06821487530452902,0.11573895002636475,-0.17596634915074744
2026-04-27,0.5019436829777957,-0.5376160069672782,0.06374657102042236,0.16800308667524924,-0.4548450939042247,0.41375075426058505,-0.26580263674111804,0.4417039180571767,0.43840379258315043,0.007234983122759393,-0.31340818262111125,-0.20119182663950247,0.543429432857651,0.2348221877300411,0.4781931017162852,-0.5870025904638407,0.5523322134909894,-0.15211522151998652,-0.4382929941758307,0.7366430872281453,-0.4505310177771056,-0.20070623553531547,-0.2725421713871333,-0.30924799406585546
2026-04-28,0.06636800375120017,-0.49185888531006156,0.583264386332337,0.23113955337421613,-0.27389130903205317,0.2322273546444639,0.375916339218593,0.40800668298924875,-0.10823575070127137,0.6995443824781498,-0.3235365022996379,0.07254542803166164,0.4509700289080975,0.3055636514566488,0.36099907050964153,-0.5871096327362206,0.5102926554407987,-0.380365949813839,-1.126042089777343,0.4486586721197926,-0.882655157206967,-0.6056430619901959,-0.7738987914959643,-0.1964200380304198
2026-04-29,-0.16841029106339286,-0.010968546419971165,-0.23680018226335708,0.10996698921665088,0.42306663291228574,0.10149944928019256,0.29338368867606573,1.2721952204558613,-0.3817865977207001,0.674151875727332,-0.2878442119345783,-0.7067994634338224,-0.08419732002738303,0.8011751718692299,0.47508292153439036,-0.4707165635167379,0.30971988163421615,-0.4149675346210106,-0.30746663116563,0.5762123174522982,-1.1343466349761044,0.8710186981273826,-0.4451265929313212,-0.2759012978515554
2026-04-30,-0.005668297144949531,-0.1324416035240828,0.2857685442528982,0.5086295508486359,0.5913062463355381,0.44184544922201324,0.842067898189075,-0.08005828426008643,-0.606625132376693,0.21387715938788113,0.03933459946974327,-0.3553507485552895,0.5653402334238559,0.05630139103864221,0.24461213420882164,-0.13338457364256803,0.5465939588991073,0.2642961034534529,-0.35569281285535,0.24691287585615662,-0.011571605079106706,0.5092078768599787,-0.6980237877696654,-0.7282107161136311
2026-05-01,0.21816112234074045,-0.24244898406697385,-0.4847846380926375,-0.3293162171888923,-0.6597561124985671,0.40424374448237477,-0.11692203149965212,1.2847376615434531,-0.3477203333923468,0.23997890718765744,-0.7467529612044402,-0.10461865034198967,-0.2126316623800113,0.9024550296676493,0.47803492970121125,-1.0227233778017588,0.8605022632201181,0.011274628300990599,-0.6322805225031245,0.2968705247978506,-0.5816414661956714,0.7350142204215107,0.21841940546960015,-0.246817479573099
2026-05-04,-0.6299819141273564,-0.39629129402653274,-0.3106254151702558,-0.08420489632295786,-0.30306094658501365,-0.7550573095615628,0.7121260721871447,0.4227549286558775,-0.2891125720131763,0.19796079343650408,-0.3062844442305852,0.40173573120715883,0.9124252379060678,-0.1089103540178929,0.312590047710255,-1.1143861000470705,-0.43167248917845036,-0.3452351873986379,-0.6610509239790927,-0.3246740022547395,-0.45578615441381376,-0.1173454634527741,0.042943397289879115,-0.21674464494646084
2026-05-05,0.18241720080155893,0.5481566900820084,0.14993682390475793,0.5291003529950145,-0.10066621959151215,1.1685712014013279,0.6933149862310928,0.8715331876762971,-0.40610784120237053,0.8728841193358757,-1.5231553539212759,0.5413476161593515,0.38119900955176267,-0.39122796545183747,0.33892926006729496,-1.32669891959786,0.3818354333367034,-0.13287312180091823,0.017880149052863212,0.9833879506119527,-0.05872938457561551,0.43521487210738996,-0.48775589070386194,-0.19627868204842394
2026-05-06,-0.6251090815682969,-0.07544561621971581,-0.36103579209374503,0.3237472025191678,0.027542137434110617,-0.18979806109976854,0.28975868151847844,0.4500199587357486,0.12711324526761786,-0.34524439264880624,-0.11869098320831831,1.1230917412242762,0.16963427146565066,-0.27899686503268817,0.7121278250057876,-0.13881416209836245,1.5035573466343535,-0.7056571795856647,-0.00822593373955438,0.7685572620418112,-0.08840792430641134,0.7720211748723963,-0.19238489027803624,-0.10179677064893466
2026-05-07,0.06958831415329522,-0.5600312241073386,-0.20423529595179263,0.3992310519922867,-0.15087688062704663,0.36636339224254544,-0.04571296587182302,0.8207529395189055,0.2898299016202232,0.8406410929070736,-0.473891534711093,0.29505976831940717,0.13006031972910784,0.9475648385234098,-0.06419267400275891,-0.0017179990017432423,0.19782454141054556,-0.39700504481638604,-0.4247234551121589,0.4624351622934367,-0.29276673391563796,0.5127125435149622,-0.957776645894573,-1.07302142995811
2026-05-08,-0.11613717765649921,0.9044214428282148,0.10813470802487091,0.27741111994322687,0.5978591989398664,-0.20839805536570535,0.3010696794805323,1.1332090942209498,-0.09944636857640465,0.030509595107431467,-0.1276065501087662,0.2539020357878373,0.4788471682491347,0.5150638047713771,0.1765788079437497,-0.3267097001339192,0.17816143183991473,-0.7357696984265149,-0.4934626937958867,0.35482617123350874,0.009281742042026864,0.5951406962467957,-0.68732873467555,-0.5369531212381424
2026-05-11,-0.64678895719625,-0.439656385207667,0.12905708299394392,0.1309841487506912,0.22939653437879542,-0.25721115132394484,-0.2735589321232407,0.4358361226071494,-0.35681525368641087,-0.008627998821694904,-0.3511719625090321,0.41869212899503977,1.2335225272295243,0.6907421416170318,-0.10347272850022299,-0.5642843255265944,0.05707374723778735,-0.9861393411541213,-1.3522140910881868,0.9422721001840639,-0.29118134094300857,0.3033612065533956,-0.2289632475813029,-1.0672119223541916
2026-05-12,-0.17124541068347332,0.42058022188132455,0.2055562355726472,-0.25467070055945773,-0.8314033172791013,-0.23678629080281324,-0.5444840242174299,0.588880315977085,-0.035237107761448505,0.252923199118538,0.20363525754957582,-0.013200330996163218,0.5133723491143264,0.44531849867479534,-0.2855825836242712,-0.015620173757068645,0.1706070748420393,-0.5840538965999413,-0.4944295441847949,-0.051022160309514786,-0.055165549327445676,0.7835934230069289,-0.29443583786441285,-0.641754271821438
