trade_dt,000002.SZ,000004.SZ,000006.SZ,000008.SZ,000010.SZ,000012.SZ,000014.SZ,000016.SZ,000018.SZ,000020.SZ,000022.SZ,000024.SZ,600000.SH,600002.SH,600004.SH,600006.SH,600008.SH,600010.SH,600012.SH,600014.SH,600016.SH,600018.SH,600020.SH,600022.SH
2025-11-18,1243939797.4862828,1131273261.1595988,1159142877.7948189,1253122657.9792855,1147694615.3434927,1110183744.596061,1344177889.1320915,1215351384.7450197,1064621744.9181678,1050501651.9659219,1334366572.0783296,1038184763.307125,924001589.3759503,1053007408.9013747,1107984352.3037472,978112215.1756659,1109716074.4053764,1036151451.5490578,995267957.680765,921123694.5677148,1094464273.9820313,1059861332.0775614,1065938250.1363856,1165655710.1475487
2025-11-19,1407747403.7533922,1302924711.2028298,1095216988.9626257,1230014340.3391612,1008327821.7521417,1154654581.5859206,1187278209.287626,1126905633.8478205,1071142605.5560658,1123627417.9328554,1214116725.5732114,1066559964.7801266,1161739810.7442741,992585355.9932203,1093314292.1571763,1073649426.1673307,1049651173.1934038,1176004459.4698958,1241077469.1138644,1081389028.5372694,1174339386.4353495,1096230056.9043174,1057824143.205868,1256943389.972774
2025-11-20,1137075565.9063597,1123307037.2618256,1178385153.2734358,1151132694.4453588,1193947747.3015738,1111822952.2555828,1254684964.089905,1168035169.2577982,1141439648.2630658,1223444721.6941237,1117934757.8430257,1183956114.2476478,1075469708.8463202,1096337711.318247,1385723116.2429516,1024959241.8835796,909749654.3959103,957230434.4285442,1089343422.489583,936773732.9422164,990517751.474221,976824085.1820734,1067527611.1588262,940721966.9070511
2025-11-21,1069095275.2135217,1173580789.6314337,1167205365.3139892,1180635320.8204703,1069983908.0873768,1327759452.2434316,1218079140.8002107,1363756116.664464,985495467.2030848,1123320402.2852125,1129373799.4976962,1153857591.4511807,854932839.4492781,887434778.3984482,1139867708.1362715,1017493934.8809298,957771971.835267,1126700828.1944473,1281604868.3555427,1175062512.0952656,1010968446.1076853,1163723119.4810524,1032238914.457488,1218547447.2642834
2025-11-24,1228428267.7456229,1006696327.7203989,1078991958.0994828,1165028020.3579621,1212935915.6957111,1047765601.9309199,1230336980.6032686,1197076418.7911544,1075217331.8657534,1043208236.2675686,1172964775.457401,1106311430.129609,1036398100.3314453,1152764960.98483,1038435793.0073881,1094941340.712572,1118954688.6035602,929757121.9860071,1157381806.9377425,991720984.1275355,1098515853.710239,1105556174.7735538,1054192588.7372656,1327405018.1457458
2025-11-25,1221324488.3281226,1160072315.6859586,1048417063.7825148,950038927.3248782,1042231582.984043,1162862709.5302832,1380048460.0783026,1112644601.8629644,957723156.7729005,940061676.469439,1228208153.4581752,1151044630.026076,1171530015.6645439,1215918550.2981632,1202203129.7240574,973414732.3823358,1078405783.1271565,1004825058.2315351,1136380229.541881,974943637.9594408,1177098257.6900876,1269698083.2198043,1217964804.1931012,1122025055.0881135
2025-11-26,1217427043.8357065,1013949115.1928636,1343074552.7218325,1144378789.6216536,1181570261.6229186,1093744217.9888177,1142115125.6074963,1249465952.8447785,1302577979.1881683,1194855324.2465315,1173458443.702388,1069370508.4418994,1053764042.0921161,1138457030.1584837,1266202890.297949,968771461.8597925,1097694778.5695372,1029534897.2456049,1135601522.450357,1042802218.7025877,840438117.565493,1130579010.8222163,817958524.2662147,1179731472.4674354
2025-11-27,1124482561.0114777,1164922292.7200854,934408641.1398449,1216150868.5536804,1045355774.6729807,1126231530.6565342,949570210.6211323,1248839401.1238713,959986444.6275694,1067939955.3161936,1399460655.0026433,1138659671.0277693,1041234650.6402673,1040961157.6643888,1168334117.5348098,927316791.7832559,1044697412.3793787,939240623.0955114,990301336.0673925,1148451516.0929966,1189629696.9180894,1133067959.7299266,1029860449.7856199,1136656170.1631408
2025-11-28,1011802126.4359987,1028105344.7408637,1352956897.0096393,1022798699.7758546,991908407.4104818,1212455841.1983979,1185098551.3527527,1044303794.2248868,1250891454.208277,1037840606.5718395,870284011.9302934,1085640788.1480665,1140735476.1642423,1108658315.4190254,1074379968.3356566,929856895.3982744,1027269456.9744976,1063017694.3191934,1056267239.7948725,975845727.9217154,1098922183.0537937,1035644027.0565283,1105910501.8464851,989849546.9451362
2025-12-01,1356096310.1590154,1081138605.4746833,1043012438.4525131,1207185441.5295005,1105001364.6132398,1177459284.255838,1002978667.8913183,1055386996.3291209,1151876395.0347443,1145634303.434073,1268846206.7244298,1219656935.5856788,900538159.7984494,1029363386.4134824,1002682883.8761896,1050786763.7080727,1125879736.8366191,1176824660.6879911,1178225665.9647417,1136455068.2239332,1238240722.5360472,1070618050.2781289,1099514568.194483,1213909483.4023573
2025-12-02,1280721142.1142452,989762425.4233783,1054314080.6427205,1033443799.6768928,1174980758.6622612,1029754942.7793562,1274839329.7267303,1298148076.8103218,1096142041.272997,1242993723.0941231,1065019960.4884925,1174033429.5881379,1061253231.309764,1091504236.7537413,1092085510.8668988,1121039347.6966174,1278586376.6417625,887783298.3873082,1215761072.975677,1150494048.8957725,1086977784.9961224,1365438624.6197681,1320743589.203226,1063481541.9467683
2025-12-03,1235034058.1784706,1148870327.821515,1008791417.7191089,1086198839.929877,1101241575.9265337,1104676734.337698,1183774975.5495842,1219879608.3906255,1138239250.9812791,1174748270.4385526,1166605813.8577118,1263234234.2866518,1016522205.0998077,861915440.1530467,954780447.1936486,1252688473.3278146,1141934309.7059746,1030538924.1380091,1349652699.6140106,985192706.6755177,1137098289.25824,1124503196.3285823,1000637251.4845811,1409299182.597939
2025-12-04,1184689111.8292606,1022102068.5648018,1072532286.0451701,992218550.0100223,1118425653.7567687,1124022898.710641,1166378694.1038024,1201964668.0780053,1134757410.3061686,1183197549.9719007,1115619955.8648567,1193560663.316448,1058941283.9759924,958715319.216606,1136797527.0988424,945060142.2261379,959169111.3725737,868658546.119032,1217527294.6068597,1025859732.9174622,1308741828.66281,1181149603.7348106,1126571364.142531,1183080208.4856017
2025-12-05,1102620406.034079,1188067329.4327426,1169598405.0294054,1334931347.8967297,1214346690.081667,1094290301.0433888,1206428939.9416926,1108927538.1734889,1081379956.5340295,1127799869.4414048,1401022271.0651803,1090675630.8172393,942447354.7091423,1125597885.5806923,1175212593.0573688,1008039497.4393432,927780403.391255,979775518.0675408,1167888027.800211,965388351.7057273,1208602903.303914,1282990621.7275028,911863592.835473,1378612747.137559
2025-12-08,1183295575.4863389,1142284376.074903,1072413288.2654867,1129758756.8568976,1131776152.0457492,1023125738.9292289,1290568517.472005,1106352559.1851637,1073931306.6024296,1013816470.3592445,1107165446.2134984,1119725331.6031325,905460820.0530891,974514884.7228497,1147830820.5827005,1168762356.0803905,1153737696.6919646,1069511994.3151665,1095385559.731364,1123561492.7886245,1071513969.3362669,1070794583.3817037,986633030.9141581,1405409308.0797732
2025-12-09,1189695667.606019,1251191047.746749,1148860376.549637,1197154079.5765266,1117000490.3121777,1119863000.80943,1103428183.3387208,1030372768.5955755,1018916544.0946983,1263112122.856325,1199525747.8166735,1088655703.3650484,1137732750.7202866,1020962939.0338893,1174252251.290641,1020285638.6923686,959103402.2411746,1104524753.1358857,1021173624.0131153,1061550796.9301757,1158585983.6316552,956175733.7887464,1055513136.7507808,1054074602.7824733
2025-12-10,1014735897.7398779,1091839421.557132,1179931565.643212,1151552219.2253473,1219193077.0818658,1029531535.6337676,1269086090.3859193,1204320693.3393905,1150610021.6800134,1201207488.6023743,1328477605.8748271,1126430764.2343159,1222086693.9181867,903470005.4471242,1200950899.9763813,1023876896.5453298,967954424.37507,1030596668.3424134,1239772560.8750062,1095757584.2824817,1093244551.8670478,956727213.8309722,978720370.6154206,1324953197.4568439
2025-12-11,1217084103.113669,1011024391.987522,1080060777.5620522,1252135083.8344827,1313934693.0553539,1240469919.6769793,1366487901.7807114,1161934392.6758716,1165880665.601096,1064132690.9423195,1047084070.9461364,998129003.2223128,854561423.7551098,936728120.0957409,1244236021.383447,1135510876.1022785,901250717.6268698,918814481.5499116,1074367872.4954708,1112220170.8966458,1105513213.700659,1029477648.9620166,1317950413.3108304,1072744572.9616587
2025-12-12,922025188.4292603,1225259390.9756546,928577779.2542398,1312791562.3779838,1160052893.4883678,1112246989.1445465,1209320451.0295348,1151902015.9616277,1289884785.3482332,1153209572.359848,1145970705.717698,1353653868.954309,1151578289.2994142,1124252612.978128,1231517314.2815487,1088972733.9735048,859718626.1474171,1216079275.8428319,1064588886.047029,1156628830.6532485,1199471064.2090003,1127066476.2928503,981159222.1303133,1268061752.2336962
2025-12-15,1302876374.4654584,1191006369.6864927,1214002791.7787106,1235325202.1213765,1304450755.1606157,943914114.935248,1321983232.9754388,1324775880.52542,1026657301.521849,1077588706.7882833,1093993084.597159,1126027010.408818,1006033832.8061442,1155465769.0700204,1131089685.617668,958114389.0487481,1120705343.4770553,1258167498.5065942,1256770625.6783912,971065474.7782658,1031140835.5172408,1171181276.742631,1006171478.2635792,1155857879.2826962
2025-12-16,1006433974.9124633,886138949.3427591,1027213358.822354,1030623837.3360025,1067809977.8400189,1222641821.9632962,1178684351.193024,1324036591.688133,1068797008.0101053,1101909333.302502,1031233310.161506,1020375500.7334805,1052594730.9396169,938811868.9058125,1243910299.7956822,1024083400.6786587,1021956723.9017987,1200708948.613161,1244534253.6136286,943752739.6318915,1109220542.6324818,1193259499.343123,947018193.6738174,1165065749.2978635
2025-12-17,1045341750.6212122,1125971149.8904107,1103137312.912166,1266851610.5388503,1069981527.2851322,1094021169.698704,1179769527.43274,1240697065.9583724,1231411392.3024485,1203912377.932421,1248858193.7733912,1087166609.6867354,1171147711.3927417,1182283038.386824,1203810346.5006459,1122117837.228173,1249045899.327445,945726198.7851413,1048059817.4175965,995193726.5857753,1091387439.1647117,1082707412.9679601,1009141303.4045012,1294948231.294792
2025-12-18,1206526751.593277,1110000530.8218255,1270119999.8686965,1379697536.8113182,1259807998.694009,994391504.0955276,1024404284.0393783,1236299532.8247328,1131464404.808182,1215681670.9096124,1335142875.1032345,1238997039.4107556,1020162697.1874237,1343747307.5464706,1195156566.7289915,1126617346.3027864,824251254.1012683,964839994.8807894,1147881023.650525,1049569537.7596256,1295272845.6019568,1266059654.619307,912494539.096242,1129837966.264184
2025-12-19,1122743681.852164,1128995994.419775,1095464618.770476,1141937108.022999,1184553113.8629272,1155286823.782849,1225541883.0293489,1234924798.4413085,1071057520.5529075,1002340218.2389752,1162214908.0427687,937060241.2126079,937591083.3850918,1114166180.7802737,1299747854.2719684,1209443168.2395294,1142059929.4997656,1147950706.0201325,1257090981.4929457,1170473169.982152,1122447218.2206352,999737135.1250252,1090886960.2541883,1231493130.4523299
2025-12-22,1048277212.5525242,996426680.0815649,1164564462.1394095,1108373510.9857805,1232716181.782567,1081884327.1386359,1217893852.2462068,1085754474.1332407,1122655725.0493574,977355202.1807443,1129607752.607145,1059284948.623163,1009125129.8135624,1115020090.3912091,1266022306.3605685,1010825209.1095448,1165453369.6542082,1035502331.5315334,1258826140.9267323,959048254.2869401,1161339791.72212,1231237337.4511452,1043517162.772339,1175436931.8113413
2025-12-23,1273568540.3231018,925675303.0144534,1173881124.3206744,1094965298.2342567,1276457535.6595187,1077612065.8950202,1089461732.0640185,1248030236.7665737,948778997.6253232,1145372271.446025,1153740853.825484,1165314090.3147423,1188440999.6035354,899474537.7392235,1263553805.1704,1114778615.031019,1115811701.1949654,1134669007.5406096,1107930337.2230663,885892700.3498605,1064091452.1111536,1175749313.8818839,1178111561.1681285,1126797373.184058
2025-12-24,1086784592.8307133,912331123.2237688,873212417.0398654,1210619494.2554317,1373538362.5476665,963300382.2809373,1137741718.5943422,998151206.225902,1184849529.8580348,1154513945.7461076,1299474868.3230653,1029843460.8878169,1091283913.2351606,1311499274.6099832,1236613782.7239785,987184087.5156296,1062825537.1510046,1227126768.155912,1184673516.9633358,868953195.0426724,1188072089.870174,1082429672.4586594,1016168244.0288339,1202535568.2251458
2025-12-25,966962775.2291243,1088870915.3039172,1191917046.8677206,1310123056.3762572,1241606950.356139,1200801867.9694524,1159587722.8247383,956682236.9878874,1082103793.9663575,1079864729.5630887,863417746.5890076,1111328336.9871414,986689004.7203285,976870366.521325,1299300928.5961657,1243780937.1605892,1257489108.5357358,1022028622.1469198,1047563305.1465955,891643331.3948398,1260163726.2898738,1085549283.4386313,897014248.3892864,1186697619.6299498
2025-12-26,1369316051.8003325,1066611948.9082066,1277547685.861862,1228444995.7495422,1198587197.82826,1126917028.6643834,1116249088.3119364,1238695951.5016038,1031884469.2297571,1012863430.1202694,1092658666.8832648,994335857.134199,1189943515.8073292,1042170082.6550275,1263927523.692032,904748578.2825601,1234231384.6196232,1146170922.001484,1154352628.8121645,873913312.4197917,1307110156.036287,1009365133.1950655,981449534.810424,1115714777.7863295
2025-12-29,1248656006.921706,1400188580.3744864,1220615064.5860496,1037305447.85744,1140459437.257261,1266834992.060535,1158130702.0758142,1144963567.5400336,967199070.2103491,1232033973.9046452,1196062202.8491209,1093812728.9810054,942691000.2764843,1063155456.3324959,1254244104.6759465,1199054360.0719016,968001988.8926303,1083933916.628424,1323601632.6949978,1252037024.9042525,1178145074.0555336,1117096529.4056196,1192603889.3515146,1172910385.9917862
2025-12-30,1227115015.6934524,1013204456.6259848,1016076356.6605008,1202967930.909149,1251940242.47266,1147256365.335441,1023699991.847156,1160462000.718701,1238374812.2624984,1050624226.5237255,1243940612.0864797,1114743009.303201,1124989769.3655412,1033238696.6875575,1278797993.4348261,896444307.8687911,1217139499.695077,937442976.5084498,1043754151.2542591,1068520592.6365757,1001569287.647437,1181249893.7001615,1019932972.1364279,1000955429.5641688
2025-12-31,1237934092.0174441,988348937.8093307,1013481592.3473334,1045150856.6477613,1357507396.2514277,1070987191.7359314,1190516906.636423,1188997597.4706595,1046339447.555167,789713187.6825691,1103428847.1010814,1103526824.5786679,988220459.4174427,949276467.8411646,1113792212.633164,1031949116.3185802,1023078670.8531189,1041232231.8386128,1057479515.918248,1101157936.5020807,1035444805.9105078,1131649135.1570275,1208857472.2973866,1257975697.3018143
2026-01-01,1082688166.8717406,1230395605.3550012,1052747343.0476743,1148216266.8649738,1328425039.640238,1120264673.806898,1038535612.7141896,1157771737.8983939,1127144922.5516343,1253900311.158989,1148488696.909337,1249915999.8420434,1122138195.0490346,998709598.5670727,1212523109.1702976,1117933377.1458468,1090029343.744118,923799561.3040209,1078939170.2992415,1049451149.3367573,1053998879.7360497,961424987.4231737,1048878710.503463,1013513716.4490875
2026-01-02,1119986193.6422987,1012927484.8501792,1252164260.4346507,1147747915.1300611,1131107494.0854256,1078669577.2799575,1057732548.7981678,1071840898.8346876,1183135715.2253318,1001232299.7157621,1166893839.270811,1004474653.5697266,1084128052.6401215,977852059.9256977,1148020415.0510592,1075767701.8704693,1093810592.1506329,1129295120.7622685,1130857387.230536,1157049709.3426757,1125878644.1984081,1209215497.8200707,1149122597.3725927,1000523825.1324803
2026-01-05,1140320820.9304245,877636254.095707,1140686696.1334856,1041792896.0755945,1156690271.6044025,1168039950.0480294,1141584474.1769056,1178755423.35045,1088086342.465483,1246868490.7803972,1177829703.7217915,1060680709.3770847,1166772126.9670923,1063236632.3190137,1151362078.526293,1016347444.2657399,1117241558.2563193,870978453.5153931,1312447529.9373093,806325862.3642613,1150895854.124235,1188528987.5398338,1067048964.3429855,1225118312.603923
2026-01-06,1203106727.484939,1116622298.4634562,1026209870.5864413,1181290023.8090858,1157341063.6365392,1171965869.655896,1142691361.2339106,1055745537.0296012,1144192991.970893,1199141306.2940705,1053572039.9164642,1188229530.6058376,930521759.1151346,1010209846.0226566,1181776427.203786,1037517111.5669794,1177996573.9457588,1148806801.9960322,1153986487.1571994,1026720354.705934,1061387943.5101513,899882214.2610811,913333743.4543748,1179436067.0116827
2026-01-07,1152193987.6557992,1066506813.3712046,1169016147.340598,1321282184.9316971,1309641891.3857634,1073773336.2842355,1127721759.5318289,1136031902.329574,816356999.5051993,1017954587.5491335,1017470505.1768872,1016746401.6227884,1080532096.805305,1048796620.760535,1175937885.9879231,1089158480.7845888,1175221899.665267,1103668023.412991,1045140978.4088153,1046097654.2433665,1083379436.1205864,1200346812.6631813,989910230.9737202,1142495588.546973
2026-01-08,1177380970.4637332,1114839406.504654,1186920313.7670543,1019279219.3449572,1239539490.7442315,1218852405.4109817,1143756912.2098334,1286568668.4233465,917704123.6005529,1193992910.969719,1320460018.9803529,1309642370.7413423,1001239299.1980872,1071983409.5014981,1173361757.4039483,1136495152.5169213,1007788951.7855812,1173697366.0750165,1094713061.677141,1038392216.5473151,1190205465.0548697,1206473429.1509047,970426992.0154876,1113299926.6086092
2026-01-09,1026691639.198421,1130835157.9441638,1079833645.9953127,1165320453.3907125,1250661862.8962836,1224234255.943145,1235916943.8426442,1251472206.1250238,1066866089.2344564,1105272620.5223951,1114963698.6359403,1087412188.7244754,1094077220.6415932,945637773.0450015,1282601042.7570608,1081888180.5948067,904592117.8979379,1117196017.1343405,1160714294.4573054,979283291.3855989,1359794863.498701,1165835509.327857,1073332087.1685508,1200450855.372278
2026-01-12,1078670351.898866,1097940381.5195718,939231172.2561432,1103164202.912673,1192478328.640081,1072649268.0571747,1130102649.1720905,1305068190.8963559,1034754944.7779561,909705845.216768,1169832069.1738932,1344792699.6869378,1091190966.6557922,1020598880.1259725,1183122632.0622447,985355811.2003205,896685206.4181379,1114674735.416168,1130982098.9379928,1095615686.5199091,1354137579.3878536,1052451908.9521301,924686396.428974,1264612354.3652766
2026-01-13,1137441132.179595,1076889714.4044704,1132474990.39398,1251585575.6026778,1047600291.4022955,1289995557.9482465,1097176882.5985286,1114135580.4126918,1165954606.2644784,1061027470.0687227,1135662332.4552026,1012420391.3110102,1029780662.1486645,1124149173.3924172,1205922992.16596,1192791941.7234867,965275009.97707,998237469.6645428,1299093834.988644,961901804.884843,1245120509.0586162,1135529140.5090222,1089667985.978226,1173156812.3557723
2026-01-14,1236222239.2155142,1136105597.814514,992152626.7230034,1311997835.2877572,1168103189.1770782,1115122711.5328305,1279422365.5433395,1071037860.4259669,845793127.9864329,1368783070.9868174,1205884881.663543,1182139244.4061668,912287894.5847651,939049723.5661547,1336631489.793392,1217841561.449303,1159930369.9702206,929150008.6520674,1280242440.9299822,1019182807.1291232,934862013.8918676,977820166.6448913,1192228979.9361792,1422732572.1474793
2026-01-15,1144056893.2101827,982586265.2760096,1017092319.8651183,1229744960.4124606,1193249241.1320608,1156097807.934999,1096272755.8859432,1106670428.6994007,1039068439.7945489,1055063307.0324163,1145500824.9864821,1119671907.1083212,954480356.1837684,1209288667.4753537,1226415021.619186,1057891528.5835725,862877260.5955632,860805564.7787889,1335924948.7746105,1063366374.3405325,1136995558.572028,1075892267.0149086,1001984508.724948,1166080376.541162
2026-01-16,1124266288.523283,921721454.4560621,1079476541.5894873,995772303.1987525,1107216348.7436788,941132304.6114173,1211335774.3997703,1099278304.2368639,1141030915.196658,1006618450.6548083,1292948034.046672,1142866766.62047,874200755.643042,880232993.8836609,1097695480.525907,802326423.055276,972090277.6485957,1002322839.3221418,1186087022.6415653,1307877597.4966068,983019650.9505001,1141125060.3243406,1097056312.3131647,1356026642.736086
2026-01-19,1228901725.2862542,1086737297.7491093,1064102581.8982524,1118710535.4739077,1165763904.069721,1281508083.530072,1139698159.3260107,1378547245.5864565,1070286257.5927062,1257923480.3393135,1271941644.0969841,921634191.3826872,966831196.3818284,951930749.3768176,1202101263.9661884,1024488304.73285,1330196793.4273884,1138250823.9498067,1173604894.6295528,1151295022.9692264,1126266929.0461488,1085331624.3162708,1040064593.9689808,1045161175.926714
2026-01-20,1182126438.7529192,1171032601.676852,1184643686.8004303,1233265653.2363775,1246249262.3239908,1128232611.7318099,1195766317.6133974,1268488002.623314,1068330138.6913701,1223708106.2186637,1005701914.8360919,1162104713.5199685,984187952.8787348,1122804504.1481032,1070086758.215239,1015906537.6604682,1101299284.0172753,1069288177.8516226,1202831009.854088,955483447.2873081,1112540349.028897,1065267280.6558623,939754098.8906213,1242793953.373944
2026-01-21,1355068979.439604,944480258.0547018,1318147641.402415,1106201998.7322953,1253637007.1722088,1128674999.3168166,1235607607.633905,1000140560.8250937,980229260.1024748,1275239187.840389,1071667000.824413,1350931269.8270855,1052792300.4519005,904216654.8222858,1308923122.4974763,1094271981.9516127,1155451484.6602836,898772938.4166315,1143576336.829556,942567306.3383089,1052977412.0358938,966888413.8514402,1030825647.4288027,1242454039.913236
2026-01-22,1055432158.285115,1111489124.6753464,1027296904.2372875,1143421694.0079236,1169825790.5812361,1150689206.1725187,1300795831.6012359,1178413087.0121555,1174450954.3271272,982505996.6197233,1077834036.8896406,1209766586.6877975,1096294679.3138325,998378958.3325078,1017864293.1561855,1031764026.6010244,970472023.0109127,862279000.4672034,1086550851.213859,1140997364.9539056,1092711812.681903,1111076927.6049516,991188946.4611499,1290418834.7016096
2026-01-23,973137158.9662596,1077685371.0700788,1004580098.1802015,1037673661.2326678,1120433299.0502753,1101889042.2420287,1208988022.6326795,1151314600.3401017,1051452002.4095743,1145444154.9212878,1061915536.4683816,1199025696.161685,1187211964.7988794,1160772977.514711,1219453483.7111049,1095704253.3360684,1132942633.3932173,1150497129.8946702,1239673300.7705421,1109768803.9014084,1039146459.9508024,1077934509.1497567,1059221814.9296412,1141696428.5635955
2026-01-26,1100060834.0356815,1243472094.327967,958787657.1070479,1211043551.5683544,1361209898.342942,1287701038.5044599,1254499378.6006136,1122767411.0696301,1063327686.1017165,1083776389.8692408,1165620197.066263,993037060.6440846,1119884648.8414497,909851503.2807472,1320746226.3848472,1016712153.0549617,940827755.691328,1077884304.0140457,1109374714.2724223,1040658615.6099552,1072273108.7491447,1049192537.1864218,1058990329.739061,1348037881.8972974
2026-01-27,1206054192.9379838,1202740272.7064579,966059672.3008003,1158666765.8824403,1157947043.6203792,1016697533.8245751,1322919930.5865376,1191288347.9711323,1133186251.772403,1130780868.2172582,1143449360.181028,1128788104.1500013,1177550116.1383924,1134286620.0773554,1116220329.3596659,1147916173.174186,988023933.5049345,977673409.1809477,1120870562.0969598,1041255272.3110286,1123317750.4347045,1150428085.1273499,1161419934.564415,1112780261.3480039
2026-01-28,1359601821.2171152,1073550413.592708,1333490919.9586332,1125767892.801131,1290681202.6266754,1075197600.5180223,1266193779.8245666,1111657972.8330743,1054311736.548076,1189217437.7240884,1225015341.942832,1069928388.4732769,1056152360.5092926,1011643936.0144323,1277630897.6955519,1137780925.549858,952473589.8539138,1080336900.5734818,1190323793.617483,971878237.640782,1094194913.5943031,1051131655.8889648,1049597025.3578756,1237162806.209034
2026-01-29,1125847839.9122705,1100515788.4522605,991173155.6567308,1020598056.705606,1072259195.6216061,883789754.1444466,1059641940.7460138,1211839846.587282,1018963484.4942952,875777455.0926335,1074469361.9560277,1161211206.6715167,1034063689.759028,929269780.1519691,1161987601.3203757,1019509106.8151392,1229382812.7622051,1176772069.1969864,1104639775.1214943,1112426933.8717744,1189719414.5981631,1027295609.580127,906550602.5358969,1170547761.3410888
2026-01-30,1225514242.7517965,1017424763.841797,960396128.4800242,1102826319.334028,1232422590.7752895,1276522361.6921797,1074589695.7150013,1052318138.3372494,1325385077.6975324,1200043776.46592,1053869354.3603764,1021581097.3130143,1083385819.635032,1136766930.9614294,1129409377.105086,1092925536.3798943,1077249609.903233,1076786583.473098,1119350361.7402234,1093986319.447661,1101307019.51418,977077816.1741269,1141572264.6501594,1291288755.7840908
2026-02-02,868518406.6877956,1016961987.3268738,1165659379.885544,1181632154.5937755,1129937451.1434777,1139843387.9569414,1197843451.9349864,1174939371.7338822,1216264234.2776399,1096933671.787647,1296312722.1733894,1233403708.7987614,1144285630.331634,1016857311.1373732,1168545860.084939,1229985002.4945295,976921967.0006405,1049544172.9706329,1182398735.931157,1137017763.18087,1141480985.98233,1269679718.9694476,1063409162.9503179,1251535670.0977786
2026-02-03,1176514670.8908417,947862225.6725005,1045851538.6762577,1147231316.4844522,1115375303.198055,1206767553.7962852,1247395293.320953,1157916988.7758377,931224643.8299739,1094059921.4300175,1187656850.3481193,1107767298.743202,1147935680.5281715,1082715710.4077704,1214611960.5145605,1032308143.0370735,1086769920.0509098,1121095630.4989185,1454226357.728452,1025570829.6895965,1093818239.3933153,1120850025.3903146,1134135858.2746892,1280929699.5433466
2026-02-04,1383653969.3442771,1043254353.9507929,1200012926.897161,1186256349.6453917,1178263338.0352786,1037644046.90241,1243345707.1318681,1183947048.6494133,1017147774.3595158,1176954551.5550125,1074640606.5532408,942391846.4467002,873486909.4888358,1011497990.8829024,1060870476.4956481,1070799975.547381,1118419494.4176028,1173206788.6677206,1072921605.4597826,1082213858.9018242,1042739461.9737242,1101964563.0909529,1167192832.420787,1165479487.9268475
2026-02-05,1090395080.95996,1050631321.6076529,1108720292.1552489,989205692.2041438,941110969.0906634,1127540702.5363386,1144544850.6117048,1011721687.8545662,947368116.0702727,1014851751.3019979,1229935417.8366323,1000096745.9346775,1061547470.2194295,1094734144.1443682,1173414063.1175807,906783594.2948927,1090705290.7045653,953134521.807768,1097448442.796725,1037730047.0062774,1154005047.1402373,1315132441.0921288,1007720441.6221668,1266205066.889485
2026-02-06,1093207444.6993182,1169373232.9729779,1158536295.9326894,1192466536.5550578,1224984297.8266268,1039264135.6276128,1113143728.4582732,1110997311.2206938,1077322121.0466993,1319473323.7285995,1164772867.9388092,1196518032.5970082,983216533.7905045,1037344791.2795427,1363367423.9168303,968299053.6115309,915866886.5494128,1091843216.8985531,1223573830.1599405,1098796094.6413112,940472166.8929504,1209677279.4785976,997812073.2863077,1081756452.8679588
2026-02-09,1107452181.364639,1016962210.8800596,1010994863.0802383,1329092445.2505307,1105290413.9050705,1050995199.8377979,1156941889.986378,1166371204.0345504,915073724.2171289,1250871049.6660986,1121468705.720963,889207878.1138802,902892075.9931046,1056242823.9468334,1179947330.554228,989933303.5390804,1308342390.0081217,1193817344.442331,1112902541.2481184,986245723.1437051,1176362917.2797904,1297763674.4016738,1185672685.5988085,1243001757.5986514
2026-02-10,1036387226.7843245,1048102768.3582271,911304135.1445445,1199699140.5067985,1285580944.2185867,1376797437.4734695,1312869086.7393916,1221068434.2991157,1040709361.428452,1149890394.111487,1007592523.4020826,1187525452.0332956,969739723.3103768,1049277931.4502808,1125241329.9153824,951125667.7313778,999028007.6653361,921118127.4318186,1233341951.1119351,873647202.5966024,1021559646.385656,1062449182.2790592,1098753744.487984,912210812.2059375
2026-02-11,1328050521.460561,1104493225.2076705,1019619889.8852389,1147449877.7337646,1331176925.5495532,1007743517.6181777,1094912585.9813604,1437850556.4984267,946565442.950254,1177595715.934866,1096181327.041246,1126129620.6531107,901554865.1717073,1066480837.284981,1203385961.8150525,972698567.5535147,1146078646.9849231,1066612304.078376,1154641807.0025954,900574085.3777425,1020473255.6810274,1437833466.9358156,914337392.9215045,1062637943.9070868
2026-02-12,1173400498.904096,870723095.749146,972696129.6855279,1188975228.4223487,1009945723.5977201,1135414305.7299426,1139903310.8256698,1168354469.7074752,1037732546.2540945,859511819.0568879,1227599865.51621,1146508007.9544134,884089918.8858033,1149202633.326385,1176795491.9439151,1036791273.46935,1017265864.5305192,1270274072.3589768,1326605553.20964,1020354971.7184806,1213794660.9645245,1187770403.7392771,992258204.3480512,1273187072.8843591
2026-02-13,1064551072.986457,1101358498.2418082,1032574839.4816607,1296090111.8408613,1218647943.363523,955522364.6069106,1187710813.6028066,1085731402.5638144,1091550119.9801967,1270014377.0841436,1117418780.2251737,1235772781.1046965,1045267397.6984105,999123417.2022827,1182812072.7307203,1061570612.7522718,991857769.4118755,1030801573.5205206,1116728694.3865552,1224475442.7559097,1166236397.6251986,1150526706.5243413,1042311067.7635181,1259894419.1772826
2026-02-16,1187095645.2149572,1174351234.406015,1169607268.1972141,1275405029.411217,1273133256.6263044,1205978545.3856187,1214379386.7648964,1340265828.6427305,1225197064.5076983,1026336947.8633766,1322220976.1365974,1080784888.4264843,1001350528.7780417,838286136.8764154,1232428846.2264795,1191176470.38068,1099767796.5045717,975071180.9182007,1137877780.6273685,1230532319.7454832,1166022765.5244002,1012068835.4004923,1226557614.2928495,1140605946.5223303
2026-02-17,1232497837.1104822,1022569810.5906723,991345644.4982556,1186519275.4522655,1024234260.7771165,1278678974.9625394,1224219891.5996532,1336511910.988227,747504377.1479111,1219125287.9356015,1243349493.7269597,978689942.7364347,1016743355.3656318,1141154695.007485,1246209294.434555,938260089.4533154,1267618118.9760747,1166390926.2056632,1310438016.3221323,1084951714.5652084,885655239.0864441,1120500822.981066,1030708783.5866922,1264297522.634455
2026-02-18,904784209.3868623,1040845131.9080065,1234180692.8308816,1195679175.6082294,1197867128.3250763,1182968392.4916797,1323313009.5849535,1257544681.3605056,1041388681.8133461,888897649.120139,1040638363.2560757,1029381743.3761852,1079972449.603391,974284103.6867723,1013134461.5925883,896128940.3692422,1028456935.2777121,866722266.105156,1238718402.3274026,1185823899.9977655,1236785743.0489516,1360918607.7806087,1095918458.1186123,1388354149.0473392
2026-02-19,1265218632.883442,1082145697.582582,1051120179.357708,1035774109.1898774,1185830667.2931378,1263507997.2198553,1231946880.4190888,1004003453.368555,1033955034.6839705,1134448433.3330119,1016694180.365031,1183120727.015045,938703361.7986146,983247867.1636245,1261025013.4575882,982713727.0720327,1301544616.181039,952763673.1609051,1101055322.3472493,1059803916.0240732,1175457089.1546159,1321471369.1414587,1144220741.4437866,1280365359.5210893
2026-02-20,1138592503.462534,999840652.7804686,1188491180.5425043,1250361751.6550934,1158578578.2742183,1188825382.8546991,1300654020.1294386,1235606853.7674701,833996148.1336969,1164871841.3612406,1409913457.4725337,1124541008.9571886,1205252293.1202135,1044898956.5446612,1089959324.391119,1047863630.2107017,1061590928.4966284,1211267821.6218433,1104837688.0058048,1088694776.0496807,1059627882.8807614,1135668974.715554,1190231713.3287158,1184069598.4246361
2026-02-23,1095637028.935524,1028924409.354119,978975661.4992903,1217610449.2430809,1023545691.776518,1143063339.156518,1213284375.9938068,1127769542.4443457,1235410010.3583612,900060819.574405,1177911155.6552973,1231172209.0195496,1012192514.5487099,1009518397.7501653,1336896328.6164458,1143229573.3169181,1222937517.2802632,986271260.4104935,1089274767.0657098,978214388.7538089,1180011070.3265617,1131432511.622679,1057351338.0391212,1249737629.5975463
2026-02-24,1246536804.1646576,1165796771.4684513,1057697373.0217091,1166218518.0282304,1273632854.8742948,1143436309.1328578,1179936841.0041518,1226642815.4125996,1095956392.8220043,890429107.1222516,1164422245.5852962,1066933764.747602,1052296967.7980849,938098190.8601642,1317297689.4884207,997693087.7898841,1049581244.6598555,995384674.9251403,1308616605.5092316,934237960.537443,1081836385.451221,1315052795.511886,1047713601.5376965,1370356126.3369944
2026-02-25,1273223713.4863775,1096865454.446231,992862559.7434584,1126640001.6750636,1266013365.7511277,1148849676.8138223,1070403807.5890942,1126225685.7806911,929107157.5132053,1033632445.0607404,1200388580.440736,1147857124.9273992,1008798224.0659418,1047889406.6494746,1307190343.9264305,952219625.4968024,1046591839.9863628,1057540008.6053159,1146548952.3349867,1093925258.0258083,1168532359.2302113,1310682115.456166,1019368627.6417768,981277186.2209442
2026-02-26,1017043699.4104705,1222584768.3088412,1009223467.7087591,1119465058.343929,1145173165.5808337,1231443415.4447696,1286881777.9177449,1385414159.0307422,1040718164.4229553,995164062.8657461,1094399303.82762,1058467910.173535,1295650790.6684146,1004086564.1749928,1016509950.8494399,912644130.0185304,1247338264.0813456,927951417.7074769,1300519610.8653948,1127356631.763368,1218993631.605727,1220529145.274188,1237852554.2340348,1044283758.3391285
2026-02-27,1129611767.356374,1285642177.3234577,981944844.0376308,1284639429.4101985,1123649608.450558,1148147999.1186848,1193359859.0839362,1262272566.687917,1020348018.9964309,1140103910.331354,1271198660.1496592,1048747441.22214,1120614892.3446066,1039354571.7586731,1235885178.95956,966410634.6607761,951199541.6933706,950353266.7196229,1174686765.0844774,911305969.3217239,1182547473.7052941,1162374622.897613,1059539929.665139,1206446556.6385078
2026-03-02,1287187221.7428815,872158127.6591092,1062244453.8447429,1253320956.3475583,1273813185.3010342,1350084171.303956,1218523957.9702473,1104393951.8174884,1150601772.8106744,1256121690.3701212,920698787.2787721,1186300019.661289,1010685703.0990795,1019599471.5655192,1082923164.732164,874928985.23577,1100729017.9840178,971593494.8815361,1103630669.3936944,879916671.0756588,1001510030.3599507,1103133411.2752619,825718465.4447862,1043076170.56479
2026-03-03,1197722445.441953,1193587425.4731915,1112476651.2649255,1129889882.6197152,1140681464.6476572,1245403406.8889737,1303726382.1329644,1114931005.9725375,1039493594.2045056,1121995900.4150364,1086754039.584702,1089258711.089783,922538904.8836231,1015421236.3727412,1015822137.7127444,1037559395.1710819,1102869582.3630998,1066855210.5615877,1220876763.5709634,1057628581.7191094,874859784.8532197,1036843700.5461562,1208615874.8776443,1207913209.3830795
2026-03-04,1134501455.0031722,1170244835.4780827,1294102679.647512,1186659416.7106035,1230027571.2160714,1072836320.2173892,1092494724.43132,1174339144.659851,971402273.9510812,959192551.224514,1214022073.1821725,1182961140.7624717,1025561664.7706047,1094413089.6873584,1041731904.8043201,997250730.0242885,1020588169.0200826,942095479.5570949,1214742106.7353432,1054837347.8439503,1107111265.7897687,1273881006.0122395,1107353707.5064583,1209162292.0878897
2026-03-05,1046484392.008717,1182620586.309067,927326128.7006663,1250172622.689667,1057656142.0116118,1181411263.298354,971781278.5488507,1232900795.4968927,1109538608.4896379,1054955660.8999047,967366844.1033545,1146745874.037011,1092090217.0212502,963574204.9949111,1146891509.617074,992610920.0261893,1085061027.6157732,1010071155.4972241,1189713575.185929,1089558825.5632918,1284702951.4344223,1288621757.4022167,998049401.8518778,1190047561.3389566
2026-03-06,1271552629.104951,950454330.4133451,1170807521.4519396,1197565930.182094,1176042987.0632212,1245709571.8891776,1185352142.6126866,1198574239.9039037,991074710.6078783,954952372.6039048,1182558978.9915228,1226338131.3706033,1093292924.6777768,1132008385.3582468,1284866909.936045,892043179.3987943,1005429987.8050882,1157145283.0432997,1028599155.5110027,1013336037.7690289,1140985140.8565872,1203631046.6251354,1067889105.8077862,1283892621.1167295
2026-03-09,1348730993.5665915,896378158.6569127,796472796.1598248,1139266991.327704,1173094824.213429,1302965271.971896,1177714337.5635726,1274818222.317166,1035632451.4385514,1089716925.7878687,1121175309.1510634,1094686735.5683215,1128885084.0270126,1125543047.1276777,1209217721.589257,1065761386.0936451,1022946011.2416539,1045093599.2572267,1109292979.6696057,1256085801.799913,877394368.9565922,995584090.0460566,994714333.6296114,1177929564.9063158
2026-03-10,1100273411.1614544,1133516867.131505,995407742.2613235,1097527381.7676585,1224186226.5717301,1134117390.1474016,1170316552.7322125,1245720953.364527,1113467797.802443,997072893.3898588,971538210.3118451,1147447507.229703,1193253878.6629052,1042256312.800576,1171914821.3858669,901095226.8905401,1375775618.3825161,1006396746.1756059,1318836076.8284733,943276053.5789047,1137644398.3494694,1105664326.9423563,1087744262.2061248,1303159087.8794177
2026-03-11,1000335054.576105,1094447993.8966846,1051232803.5993391,989386816.3550476,1224352291.1529331,1092736066.9817452,1368869772.6567578,1052302910.351986,1049981328.2261822,1192792512.9389298,1039687860.0147069,1125565040.0655985,916074686.9295695,965161742.9468663,1133449739.6900613,1023818179.2043332,954057489.7953225,1070100029.6414677,1178009107.2828577,1133684652.270758,1159516883.3991807,1243590020.2780416,944640521.5554417,1308675882.1897001
2026-03-12,1277832055.2863898,1080595328.8450332,971776686.3982759,1072603224.739632,1155066771.2938378,1201260728.3793852,1208376681.019243,1117150651.8106863,1150085343.0617862,1239963353.0526917,1120550250.9836977,992762304.3156886,1124297675.4986563,1072461628.7033082,1179520214.2345603,1135912376.5505784,1122399096.036318,1017357372.138226,1135444684.2835972,1081618867.8673573,1155959340.276019,1197192462.675647,886856278.6225991,1320078670.4433577
2026-03-13,1113629165.1649327,1028146569.5841541,1201669843.2111197,1093958786.0473714,1483513036.3696082,1264044963.7876718,1285254424.9387045,1071481345.7784859,962192553.1118647,1043753844.3540866,990483399.717138,1079870744.8595245,1157163701.3533256,1195317708.3929186,1366577085.5698466,950298684.8941507,951758331.1523218,999418214.4703462,1016101979.7757022,1053118245.451662,1240823291.5390017,1172732733.660105,1026455655.781672,1196677395.2762854
2026-03-16,1053565133.473987,1304278710.620194,1078373983.9728093,1260136870.949237,1332178807.5441225,1202444391.35089,1384526788.1387758,1207772207.4823828,1039805807.0319431,1116699702.088967,1159058554.5048423,1093332635.3915002,1087213508.1223133,1222047655.440885,1352086229.6251757,1096787356.9465067,1051124468.8853884,1048574267.5882574,1090653420.718071,1125189926.8765182,1139288442.6651745,1081022411.8679357,1225035388.1617558,1130066476.9902403
2026-03-17,1232948440.3546667,1177495425.6314247,1085809768.6645393,1253513940.3989928,1053605841.296105,1122232749.5300946,1396147455.1389744,1112945919.8979075,1171605953.135155,1186079125.7489033,1125953990.9853067,1088330161.2087839,928817514.2966695,868418827.8113843,1064927740.1005987,823884418.5269384,959460283.3802748,1019945047.9208257,1210746307.5816867,958730996.1897637,1119274265.5737073,1193312965.8592024,1060118164.6135156,1203378043.1873183
2026-03-18,1174097619.503381,970982032.7250224,1062342053.7089146,1095792602.2730148,1300281873.2118738,1004804072.2012837,1215953497.474249,1147535860.4201157,1112042058.9419227,1079462545.9356685,1101499944.9112654,1068595731.6590679,1053552065.9409505,1085271927.860383,1411334338.6074812,924307988.7951964,1059887410.0603368,975850963.8490363,1310962869.3983235,910776019.6558205,1143102069.8336422,1225305994.7610042,1084921340.9220161,1257195157.0704327
2026-03-19,1354660307.169124,982874398.0805271,1080733681.89063,1305271908.6053119,1186938269.701369,1016644182.1815351,1342420698.7377832,1214992317.4599347,879996460.0022082,1084815240.549534,1195891535.8077562,1127770896.1848006,1243175897.5180035,983352776.362638,1108747625.9809425,1044672433.5847262,998736458.6892173,1267595093.9276695,1282137210.473442,1038949542.2376084,1103677799.10131,974397591.5929108,1168698124.8038683,1233030144.3173888
2026-03-20,1147376544.5331392,1104930201.6651354,1228979634.062574,1028996727.0772365,1224842831.2659054,1104047470.2182887,1139765194.8881094,1305614894.0980017,1005468619.7056922,1065342577.7299411,1212680801.8916647,1341431774.0207276,961215794.2882636,699501943.9078299,1181902128.3310616,1142102852.602139,972120223.7564169,1074210734.302997,999160624.3848416,1039358824.712225,987093771.7774642,1106562463.262579,916713377.3994668,1283673430.7239172
2026-03-23,1056305674.492366,1050298898.7704185,1212135907.6636329,1292918757.5735033,1176913799.083735,1091164852.830497,1244218411.8870423,1240255186.1907346,1091492205.910421,1154181481.8878837,1099949278.9805348,1325967379.210186,1149405034.0638084,1169342065.3537455,1320291873.4206862,1063615680.4601272,1215482146.7908936,1080883876.3569243,1218033778.2819474,1091520251.3603904,1167025372.7263494,1320072837.311791,1104873435.9394414,1051368676.6199613
2026-03-24,1305249446.4014206,1137543801.152737,912347847.653851,1255306687.445181,1100471706.8739417,1228579159.6308854,1115016525.982276,1140918184.5955951,1058127130.9316798,1095170323.2380214,1104998894.439064,1209738608.8420813,929306749.6686373,1048704365.2831913,1249785122.332814,1218565285.5835953,1133679671.6036372,900588050.4696705,1212074160.366276,1071755901.349311,1157249121.6933982,1102617358.1255095,911783178.2277013,1416288355.8076062
2026-03-25,1283638355.9074593,1024431787.0092441,1200315910.6354263,1112933255.0418632,1220147544.808855,1160995395.6667554,1264035647.056201,1332420272.1753623,1199515576.9826922,1086940225.1111023,1164226060.2915268,1172658881.7002158,1186239955.269146,872032350.9177346,1468482186.1854196,1305736754.1069992,1263106262.728903,998755748.2172964,1199739888.2480311,1018315251.4933228,1085654158.0922494,1056412164.7217766,1114949912.3458226,1133723543.5396876
2026-03-26,1123271208.8619444,1131948658.5463488,1227167726.095492,1236141111.083792,1199762532.5973647,957286117.2321273,1159615179.7017596,1147966063.6521454,921464420.5921477,1153964983.1769402,1265677078.7041004,1078768018.4686651,1152669104.6898754,1101039126.6341195,1233725447.186598,985203154.268193,1208811693.6569335,1088705554.3245249,1082180218.1919103,1040519980.5047381,1163438014.3777566,1207366168.754307,962788121.2642924,1227956083.8370097
2026-03-27,1286462361.985525,1073170488.5191289,1022738878.6637238,1071856995.0478243,1071202933.5437324,1026260740.9875315,1380109578.845901,1116618392.8718662,909145807.3583283,1183366050.9699414,1060812005.0835466,1140768445.3419552,896560436.0734353,1062367541.5418173,1046378701.1330677,1112677866.751086,980454383.3265585,910715274.9520043,1219861517.1596076,744690457.1255211,1141106076.5504453,1132186522.2786458,890469369.7838793,1243443296.0600781
2026-03-30,1355476950.913031,1093271691.1296244,1055136061.5970334,1041524345.9700876,1016221040.4448819,1233283646.4838243,1072340356.0224574,1154643848.7034268,1226722806.3687904,977147367.2703525,1264020204.1456084,1094680830.7959344,1043743691.0352632,1057634081.0497669,1101194457.4422784,1052759845.3272969,1161994424.7863436,982990329.2575295,1105144036.6041079,1199572248.359062,1275578095.8687205,1059422257.0023226,1162122583.638715,1172146888.4912124
2026-03-31,1398055513.1008747,1068622443.9455179,1201478410.9457252,1136827288.9553804,1084716797.21944,1125705516.3720884,1325913036.75543,1289798668.0729506,1201977354.696547,1146438695.1462688,1177434512.646656,1208062984.7207992,1141998526.2728226,1053825029.2498643,1358259476.0903363,933701802.6795251,1040716722.6232121,960154582.2585763,988128508.9290237,1145573834.3619533,985033514.3272046,1147830803.7464886,1118106328.604501,1075460066.9397388
2026-04-01,988640602.1807941,877089115.5594118,1008232617.544929,1168676983.5190241,1107054453.3193996,1128552868.86711,1259919350.853864,1117898666.2002764,1151959525.843516,1161625317.4895508,1115446369.5674405,1125820087.2953424,1135243721.7222788,946387257.7090802,1264301998.1865804,1119311997.3092248,1064486839.1828119,957980171.8325986,1122070928.7673745,1161962307.4205644,1138358543.3883417,1236728829.4497814,1093436298.3861406,1240615957.1074839
2026-04-02,1111898768.4656572,1117215802.9825432,1293190925.0196216,1185596092.0329757,1247621255.1569784,1168368902.1002367,1076264904.2706552,1078461972.391429,1152750633.2965066,988236655.3264511,1171504706.309759,1205699678.0358512,949575746.0972216,1220417995.2320426,1159051677.2947264,1075307270.7100523,1039932630.9874626,1065911850.0166035,1207290777.1743693,975889129.9789578,1152537630.6395466,1182517936.6042888,976435300.1449066,1270908743.187632
2026-04-03,1119460716.3916764,1164490429.9623175,1084820633.6091256,1076569077.6940963,1135597410.0085971,1204096482.6612027,1139107407.2432334,1211594709.8600006,1118255466.6344895,955112486.4798435,1109731231.5288439,1215471283.977807,1083676902.8280907,1201435985.7468896,1235796102.100293,924536552.3086627,1111019420.52992,1140926725.5727463,1191265740.6048102,1063130329.2181861,1100681111.2870288,1091521056.4417737,1024502648.2509495,1221725468.0033746
2026-04-06,1267796764.1025746,884735499.5204853,1062956161.1135285,1161789611.0820422,1124900640.857224,1251582106.8601766,1484977013.341936,1286494869.9064975,1057387826.4088616,1254852094.3591046,1144036455.408641,1271193630.0628524,1029086784.5440043,1099802107.8222992,1052480815.6058888,958286440.746588,1092923193.6317937,1072020098.1572859,1075502590.6761868,1023059106.0943654,987986547.0274607,1048918580.525481,1090136831.591702,1171561113.5744193
2026-04-07,1181688768.2519057,1016862610.0527999,1110299102.5349574,1079977864.1536999,1318706838.8942003,1031202884.8993623,1433651438.6020694,1208557542.3605165,1122107041.458124,998907870.1676544,1321988958.7957976,1267973777.0231962,1077466971.7874217,964206565.0789238,1281581564.7495294,1159869177.4666407,1194710897.0847285,959983013.715912,1115566513.1400359,938057570.1582469,1216382809.5163617,1203782281.0255926,1008667511.2550873,1173690642.3814003
2026-04-08,1241912016.7820833,1117106230.47977,999561741.9234078,1269528446.4669774,1278494777.1485827,994920887.720879,1139817909.3503497,1273260605.2257872,968865672.315726,1161247486.4405017,1061091268.96703,969478353.2535777,1006888828.5247489,1101950186.8534367,1145962859.6134517,896594439.939159,1210754265.4347193,1036146838.2765547,1192066408.8057044,929725080.808962,1007405558.4296105,1239338531.5990357,1107014532.0793846,983944392.8893588
2026-04-09,1256745496.2633038,1192124973.587419,1138779017.9873497,1132746188.4386318,1306388879.365,1135550981.3826914,1268668729.8576493,1192388286.1156316,1152499108.3347657,1134022313.551751,1092803072.4101696,1278757917.5855062,1117459260.6041775,1109819424.2398493,1160924376.944793,1038035738.6314415,1081522022.8540387,1016254580.6983317,1058041083.6586969,1154235476.3508809,1123267318.100252,901547321.0063293,1059184445.9089243,1176563431.1106536
2026-04-10,960130646.6325635,995647495.9091009,1139072681.2867334,989734091.2873634,1064320676.3223639,1253702126.046733,1287153875.348705,1256879138.4838781,964374833.8065656,968127928.4378309,1257390829.7319577,1152555728.0509772,1137561203.7126703,1019739277.1353008,1142391800.255515,976620334.0096256,970407687.380271,1035398183.8681028,1106255473.199848,1102110300.8968112,1223424026.2829292,1084107861.7456079,1178439582.1031158,1163141494.6455002
2026-04-13,941059205.921254,1012171031.4729869,1152238515.4930506,1129572412.036221,1202433806.6204252,1057601597.5632442,1193996011.9823027,1284110009.1845915,1022553027.040313,1096321837.5537777,1273500670.728797,1269096079.8903887,1103131198.901999,1027517584.8546425,1100281605.6609163,1036409210.5724181,1113905964.3213034,1047612370.6326333,1418758329.6192892,1126341997.614972,1089668646.5349367,1061861819.5956568,1122187759.3537292,1174721674.4174323
2026-04-14,1177931031.412208,1359157471.3048215,899723477.9337313,1122106874.896658,1001328345.3913091,1037879676.217384,1177962415.3889425,1280016010.8924634,1016500202.8243806,1158300212.1301825,1119031165.8581288,1206058188.761007,948573541.7437997,1176425480.7252436,1178670027.833419,744695263.7716779,1067565796.3699868,914921912.9458451,1206429623.6613252,1088509930.843236,1203913881.8325195,1105529158.1017609,1048627946.8007387,1321719049.0074565
2026-04-15,1172400656.0548182,1126260221.922615,994012069.1403847,1221981588.639569,1186597293.9167428,1228512352.1410348,1192051345.7918205,1360244829.794591,937889005.7060624,1025589771.2467295,957289623.345179,1084432618.82623,969904367.6543843,1264068222.504932,1097532549.006845,959454691.2402388,1006874783.5801661,1183046964.7406328,1040216367.295404,956638702.8662025,1165755813.1057909,1006784986.6298851,1041830887.350686,1179110859.434538
2026-04-16,1146121697.9559267,1101776540.7040138,1080246264.7462554,1148777418.3078926,1253074301.9871175,1009096487.0875807,1229736195.435648,990413724.6500072,1109623573.6001396,995776256.7204874,1281182531.8016098,1110290117.4803853,1105740706.8442516,1074767803.5474975,1353080189.5806606,1134703066.2137551,996775442.1321552,958158385.348757,1238241216.0003514,1113746153.1349306,997681719.534207,1178329861.3860579,1237148885.2966635,1236522671.8521228
2026-04-17,1350513924.6737378,881307504.99836,1141397150.5775466,1275936776.8798747,1191174743.3067887,975009639.8360854,1162566424.2205496,1294533254.3845992,1099730424.5959456,1186340094.9726856,1095948149.1818383,1137971675.6533947,1015885185.8705337,995560809.8008028,1224571716.9186826,1222896756.8765335,1070315453.6557823,1131808273.8094597,1225141171.6684246,1288588133.7946098,1323345906.8380935,1104616796.584019,1153091130.065256,1221367009.3852346
2026-04-20,1246750009.4920652,1279731567.1832073,968717013.4488231,1331795636.3578575,1360656319.4495444,1214237946.7911403,1151584518.9012353,971825473.0903049,1084680525.8578002,1130358515.3804774,1129531015.0779333,1301029447.2617972,1073307150.3825914,1191581688.1604223,1208725731.350097,1014519655.9792067,1091869045.2973058,973460272.8857659,1097205069.0835145,1072181421.3467594,1110899674.8577516,1257029610.7095692,993662308.0800322,1192120888.768254
2026-04-21,1027967843.0364324,1055352685.191278,1106228955.3948646,1135036263.5684671,1230947097.0997796,1179539839.2994864,1199112773.1986668,1185020485.2105658,1206322123.9101415,1209140092.597539,1140960061.6093602,1151184759.6994889,1182018938.7872422,840230243.7119371,1186578370.87181,981508140.0258151,1158636349.1719763,1251078466.2491577,1132166521.547241,1128337869.2000763,1239013245.6654744,1121509764.0916057,968235759.2329916,1112318842.3778033
2026-04-22,1445850931.8597872,1063219247.944873,1060246917.7814827,1293142020.871538,1144404834.5125773,1074682924.2029328,1019413552.495881,1352160212.7379608,1182069931.433671,1188049747.677446,1134278055.7098923,1183216976.7254167,1096682905.6249027,925461849.7427232,1106816965.8803623,1093357018.281682,1133118332.8517008,1033459555.8765471,1157934318.068419,1097130495.3436236,1345229317.910246,1140615415.163717,889799796.0214262,1145017781.103486
2026-04-23,1182973868.4028084,1379521256.3462882,1118565135.9083354,1216646838.677567,1138514142.9540348,1300790213.687808,1221236216.7413123,1275316988.7307258,1185940448.194804,1215372877.0482256,1110673947.7536519,1077020689.2464485,914003325.8765962,1109464182.3859305,1064744835.7873913,844450678.1553057,972452276.9943283,1084870590.8160803,1216805651.5552487,1034927844.68734,1113048350.1324606,1383913752.3691268,865516786.1066397,1033783615.8823903
2026-04-24,1265780636.6347928,1006233500.0956401,944679947.5967948,1382870870.454942,1103097521.8436947,1014713575.7105248,1247083362.6769292,1183228539.211807,1130115524.4995062,1136991142.5097885,1045227768.060952,1176772709.6338751,1148904696.860582,1013740295.9829037,1103971902.9991996,1082310993.9851332,1047369064.8622168,985596713.255832,1241882807.9376585,1043869671.755062,1241981499.6062086,943757023.9187894,990528371.5589789,1313678066.3571432
2026-04-27,1084045799.8449106,965726672.3766066,1216103974.6365502,1262293237.2516153,1138769506.5732965,1060173203.7259998,1015609013.8886017,990053429.6083034,1171807384.1563032,1013289365.0377319,1115568460.5448456,1090302617.4022944,1170557282.107774,894767570.00535,1212897410.1467006,909378793.4039208,1084130927.4381235,980879676.754644,1048407468.6174932,1054699691.7288698,1371061348.3940508,991913440.0863358,1023102681.0323349,1141211978.6764154
2026-04-28,1060233888.5972825,1025731357.5667565,1080902579.4788208,1288266331.0294156,1275527637.724555,1292133708.787684,1183297344.3533516,1200595050.5273478,879193861.2583021,1118976882.4349294,1199031079.3757703,1130511121.0263534,1086060950.7752945,1067283395.235247,1354496163.9101923,1000531343.230638,1023706712.5886016,1087698694.8247688,1235076974.2807357,1026687473.9058334,1165101879.9144292,1127184286.533213,947243123.8297678,1134484542.700555
2026-04-29,1100321119.5541165,998437616.941918,853680315.4546801,1104483922.6495655,1047601647.302157,1224364465.7932715,1173291166.5013008,1265600107.8353534,1064009383.7899926,912584554.6633193,1275151864.6429336,1177040177.131821,916404205.1900917,1107863323.6449528,1066698688.2965018,972866807.5332451,1037325724.8217508,945668641.5164654,1059065858.2323773,924818167.0943037,1238597199.2761922,1181089643.18682,1094177002.5776832,1089215653.4458363
2026-04-30,1107932838.973347,1166246322.7336137,1014409578.7267462,1348181161.694374,1117399416.8085742,1002631727.1032438,1036784911.3269919,1112738709.4824417,1251060494.3144126,1142116676.477351,1170527508.9966047,1101328284.5268602,1030075273.9860513,1072978874.0579481,1196385603.6300945,1148700939.4952703,1094517059.198337,1224980990.2248607,1272527482.5165563,1067195149.7134408,1050550637.841377,1223951045.5718844,1053980400.0704812,1176781772.9807417
2026-05-01,1056978501.0584196,1159467718.7118702,1261057752.7784462,1120492880.779558,1225540661.29951,1342293042.1171398,1069862442.4517123,1138954582.1886544,1029815913.743975,958815800.9815917,1182378706.0835738,1081852989.962512,1038147922.917039,1069567814.7905278,1151706611.253666,993997848.9324912,1121757565.8062,1054269855.5324823,1232819608.3106186,1136135594.9167295,1047721955.8835909,1117508152.557517,1047220929.6910181,1322252885.2771065
2026-05-04,1217012837.5856907,1218241597.5766232,1262390652.9534893,1125854589.3594372,1189773774.4855669,1280351793.4180017,1226583260.8905318,1195680616.7245536,1076066848.0792751,1203854778.842441,1093911357.0992844,1108070533.0355198,959751076.6822257,945284589.776618,1169533357.037751,991171773.4744402,1066656811.1099021,1152990707.9610107,1059684977.3944278,1104221728.9452465,1032885912.0089666,1230737161.0483143,1043246905.01888,1121849927.0356486
2026-05-05,1033478420.410366,1108312118.0355206,1056936961.4818004,1201175005.442809,1313903086.304951,1266678917.903223,1259440013.2166803,1102637028.8364599,1029418591.842514,1050842350.4706013,1033871227.6046941,1149960088.1482146,1123988039.9582062,1009585175.2238054,1136265180.016823,1201448657.3810894,859216017.6980647,1094572251.1486654,991339228.7843978,934264536.839686,1166553445.859283,1197287516.3375597,1054918431.1021171,1104849609.0798142
2026-05-06,1128338122.8511307,1147184689.2551074,1198829285.46348,1143498544.8615184,1079838359.1727283,1126605311.9597766,1227855298.4723113,1158137539.969611,1083158617.872166,1099063832.4515166,1129754333.6349745,1010428401.8799534,960596583.2051687,1052365709.6225584,1419899794.4310856,1063056682.5973885,1158750906.989993,1051629660.2284769,1338068472.5159216,1080751862.2042418,1155193806.817034,1180566872.6410604,1060174543.2966602,1258062054.3251858
2026-05-07,1155517677.9450605,1208968753.570843,997803850.0468311,1240448082.0469904,1014564888.1788716,1263404670.9171188,1093961343.112978,1261353454.762776,1104371140.9291859,1032571699.4486456,1208249265.4571989,1094898375.2701175,1130990071.492876,1052351456.1889085,1277036728.3145423,1143958641.759019,1162095735.4692795,1114168192.0188096,1222823020.165745,1072829884.5904497,1193329730.2715485,1019260175.5208527,1042474927.4038186,1267638894.2302575
2026-05-08,1034380922.2806435,1101673888.2505217,1023901301.6598649,1220757049.1134033,1188436941.2605271,1080344293.0840704,1013631222.8863087,1279165430.5259013,1217722545.025489,1074615545.460348,1232380764.9301357,1117232055.7111785,871900501.10663,1159146199.0884776,1304220134.6393456,971386277.5739281,930402408.9633645,969957760.3487204,1182653130.6476727,1128145476.1183872,1176420738.7777016,1163020019.004024,963903018.3405788,1327878644.974611
2026-05-11,1148939820.831896,1110090410.1192534,986696200.0286577,1421936148.759901,1297395039.2864647,1036399848.5382862,1101779269.3575232,1143722337.2907755,1155218794.7110786,1051053671.0988735,1129471626.496977,1102857062.665432,1186165870.3880153,932974303.5867773,1224362741.2655935,1162170942.9290988,986514395.5856323,1128421235.563356,899743376.202361,941781852.3659047,1135403044.4745562,1070702365.511435,1229945175.1687052,1125384157.7554696
2026-05-12,1114318962.6920977,1162042973.4697337,1147394097.3931396,1127647742.390519,1237036264.3576694,1231809819.2161458,1258304394.8022394,1231073053.7746453,1102591220.443373,1174311721.4533536,1234275105.7697632,1122824883.3934498,1110845255.2955768,984972208.6474811,1271598998.8448305,1001497764.8259885,1084230706.5594738,1128331795.1775014,1081770644.4175475,962304062.3637499,1030311301.8998507,1296322212.248508,1061423338.0297484,1289692172.2320626
